Name,ID,Has Block,Mod,Class
minecraft:stone,1,true,minecraft,net.minecraft.item.ItemBlock
minecraft:grass,2,true,minecraft,net.minecraft.item.ItemBlock
minecraft:dirt,3,true,minecraft,net.minecraft.item.ItemMultiTexture
minecraft:cobblestone,4,true,minecraft,net.minecraft.item.ItemBlock
minecraft:planks,5,true,minecraft,net.minecraft.item.ItemMultiTexture
minecraft:sapling,6,true,minecraft,net.minecraft.item.ItemMultiTexture
minecraft:bedrock,7,true,minecraft,net.minecraft.item.ItemBlock
minecraft:flowing_water,8,true,minecraft,net.minecraft.item.ItemBlock
minecraft:water,9,true,minecraft,net.minecraft.item.ItemBlock
minecraft:flowing_lava,10,true,minecraft,net.minecraft.item.ItemBlock
minecraft:lava,11,true,minecraft,net.minecraft.item.ItemBlock
minecraft:sand,12,true,minecraft,net.minecraft.item.ItemMultiTexture
minecraft:gravel,13,true,minecraft,net.minecraft.item.ItemBlock
minecraft:gold_ore,14,true,minecraft,net.minecraft.item.ItemBlock
minecraft:iron_ore,15,true,minecraft,net.minecraft.item.ItemBlock
minecraft:coal_ore,16,true,minecraft,net.minecraft.item.ItemBlock
minecraft:log,17,true,minecraft,net.minecraft.item.ItemMultiTexture
minecraft:leaves,18,true,minecraft,net.minecraft.item.ItemLeaves
minecraft:sponge,19,true,minecraft,net.minecraft.item.ItemBlock
minecraft:glass,20,true,minecraft,net.minecraft.item.ItemBlock
minecraft:lapis_ore,21,true,minecraft,net.minecraft.item.ItemBlock
minecraft:lapis_block,22,true,minecraft,net.minecraft.item.ItemBlock
minecraft:dispenser,23,true,minecraft,net.minecraft.item.ItemBlock
minecraft:sandstone,24,true,minecraft,net.minecraft.item.ItemMultiTexture
minecraft:noteblock,25,true,minecraft,net.minecraft.item.ItemBlock
minecraft:golden_rail,27,true,minecraft,net.minecraft.item.ItemBlock
minecraft:detector_rail,28,true,minecraft,net.minecraft.item.ItemBlock
minecraft:sticky_piston,29,true,minecraft,net.minecraft.item.ItemPiston
minecraft:web,30,true,minecraft,net.minecraft.item.ItemBlock
minecraft:tallgrass,31,true,minecraft,net.minecraft.item.ItemColored
minecraft:deadbush,32,true,minecraft,net.minecraft.item.ItemBlock
minecraft:piston,33,true,minecraft,net.minecraft.item.ItemPiston
minecraft:wool,35,true,minecraft,net.minecraft.item.ItemCloth
minecraft:yellow_flower,37,true,minecraft,net.minecraft.item.ItemMultiTexture
minecraft:red_flower,38,true,minecraft,net.minecraft.item.ItemMultiTexture
minecraft:brown_mushroom,39,true,minecraft,net.minecraft.item.ItemBlock
minecraft:red_mushroom,40,true,minecraft,net.minecraft.item.ItemBlock
minecraft:gold_block,41,true,minecraft,net.minecraft.item.ItemBlock
minecraft:iron_block,42,true,minecraft,net.minecraft.item.ItemBlock
minecraft:double_stone_slab,43,true,minecraft,net.minecraft.item.ItemSlab
minecraft:stone_slab,44,true,minecraft,net.minecraft.item.ItemSlab
minecraft:brick_block,45,true,minecraft,net.minecraft.item.ItemBlock
minecraft:tnt,46,true,minecraft,net.minecraft.item.ItemBlock
minecraft:bookshelf,47,true,minecraft,net.minecraft.item.ItemBlock
minecraft:mossy_cobblestone,48,true,minecraft,net.minecraft.item.ItemBlock
minecraft:obsidian,49,true,minecraft,net.minecraft.item.ItemBlock
minecraft:torch,50,true,minecraft,net.minecraft.item.ItemBlock
minecraft:fire,51,true,minecraft,net.minecraft.item.ItemBlock
minecraft:mob_spawner,52,true,minecraft,codechicken.nei.ItemMobSpawner
minecraft:oak_stairs,53,true,minecraft,net.minecraft.item.ItemBlock
minecraft:chest,54,true,minecraft,net.minecraft.item.ItemBlock
minecraft:diamond_ore,56,true,minecraft,net.minecraft.item.ItemBlock
minecraft:diamond_block,57,true,minecraft,net.minecraft.item.ItemBlock
minecraft:crafting_table,58,true,minecraft,net.minecraft.item.ItemBlock
minecraft:farmland,60,true,minecraft,net.minecraft.item.ItemBlock
minecraft:furnace,61,true,minecraft,net.minecraft.item.ItemBlock
minecraft:lit_furnace,62,true,minecraft,net.minecraft.item.ItemBlock
minecraft:ladder,65,true,minecraft,net.minecraft.item.ItemBlock
minecraft:rail,66,true,minecraft,net.minecraft.item.ItemBlock
minecraft:stone_stairs,67,true,minecraft,net.minecraft.item.ItemBlock
minecraft:lever,69,true,minecraft,net.minecraft.item.ItemBlock
minecraft:stone_pressure_plate,70,true,minecraft,net.minecraft.item.ItemBlock
minecraft:wooden_pressure_plate,72,true,minecraft,net.minecraft.item.ItemBlock
minecraft:redstone_ore,73,true,minecraft,net.minecraft.item.ItemBlock
minecraft:redstone_torch,76,true,minecraft,net.minecraft.item.ItemBlock
minecraft:stone_button,77,true,minecraft,net.minecraft.item.ItemBlock
minecraft:snow_layer,78,true,minecraft,net.minecraft.item.ItemSnow
minecraft:ice,79,true,minecraft,net.minecraft.item.ItemBlock
minecraft:snow,80,true,minecraft,net.minecraft.item.ItemBlock
minecraft:cactus,81,true,minecraft,net.minecraft.item.ItemBlock
minecraft:clay,82,true,minecraft,net.minecraft.item.ItemBlock
minecraft:jukebox,84,true,minecraft,net.minecraft.item.ItemBlock
minecraft:fence,85,true,minecraft,net.minecraft.item.ItemBlock
minecraft:pumpkin,86,true,minecraft,net.minecraft.item.ItemBlock
minecraft:netherrack,87,true,minecraft,net.minecraft.item.ItemBlock
minecraft:soul_sand,88,true,minecraft,net.minecraft.item.ItemBlock
minecraft:glowstone,89,true,minecraft,net.minecraft.item.ItemBlock
minecraft:portal,90,true,minecraft,net.minecraft.item.ItemBlock
minecraft:lit_pumpkin,91,true,minecraft,net.minecraft.item.ItemBlock
minecraft:stained_glass,95,true,minecraft,net.minecraft.item.ItemCloth
minecraft:trapdoor,96,true,minecraft,net.minecraft.item.ItemBlock
minecraft:monster_egg,97,true,minecraft,net.minecraft.item.ItemMultiTexture
minecraft:stonebrick,98,true,minecraft,net.minecraft.item.ItemMultiTexture
minecraft:brown_mushroom_block,99,true,minecraft,net.minecraft.item.ItemBlock
minecraft:red_mushroom_block,100,true,minecraft,net.minecraft.item.ItemBlock
minecraft:iron_bars,101,true,minecraft,net.minecraft.item.ItemBlock
minecraft:glass_pane,102,true,minecraft,net.minecraft.item.ItemBlock
minecraft:melon_block,103,true,minecraft,net.minecraft.item.ItemBlock
minecraft:vine,106,true,minecraft,net.minecraft.item.ItemColored
minecraft:fence_gate,107,true,minecraft,net.minecraft.item.ItemBlock
minecraft:brick_stairs,108,true,minecraft,net.minecraft.item.ItemBlock
minecraft:stone_brick_stairs,109,true,minecraft,net.minecraft.item.ItemBlock
minecraft:mycelium,110,true,minecraft,net.minecraft.item.ItemBlock
minecraft:waterlily,111,true,minecraft,net.minecraft.item.ItemLilyPad
minecraft:nether_brick,112,true,minecraft,net.minecraft.item.ItemBlock
minecraft:nether_brick_fence,113,true,minecraft,net.minecraft.item.ItemBlock
minecraft:nether_brick_stairs,114,true,minecraft,net.minecraft.item.ItemBlock
minecraft:enchanting_table,116,true,minecraft,net.minecraft.item.ItemBlock
minecraft:end_portal,119,true,minecraft,net.minecraft.item.ItemBlock
minecraft:end_portal_frame,120,true,minecraft,net.minecraft.item.ItemBlock
minecraft:end_stone,121,true,minecraft,net.minecraft.item.ItemBlock
minecraft:dragon_egg,122,true,minecraft,net.minecraft.item.ItemBlock
minecraft:redstone_lamp,123,true,minecraft,net.minecraft.item.ItemBlock
minecraft:double_wooden_slab,125,true,minecraft,net.minecraft.item.ItemSlab
minecraft:wooden_slab,126,true,minecraft,net.minecraft.item.ItemSlab
minecraft:cocoa,127,true,minecraft,net.minecraft.item.ItemBlock
minecraft:sandstone_stairs,128,true,minecraft,net.minecraft.item.ItemBlock
minecraft:emerald_ore,129,true,minecraft,net.minecraft.item.ItemBlock
minecraft:ender_chest,130,true,minecraft,net.minecraft.item.ItemBlock
minecraft:tripwire_hook,131,true,minecraft,net.minecraft.item.ItemBlock
minecraft:emerald_block,133,true,minecraft,net.minecraft.item.ItemBlock
minecraft:spruce_stairs,134,true,minecraft,net.minecraft.item.ItemBlock
minecraft:birch_stairs,135,true,minecraft,net.minecraft.item.ItemBlock
minecraft:jungle_stairs,136,true,minecraft,net.minecraft.item.ItemBlock
minecraft:command_block,137,true,minecraft,net.minecraft.item.ItemBlock
minecraft:beacon,138,true,minecraft,net.minecraft.item.ItemBlock
minecraft:cobblestone_wall,139,true,minecraft,net.minecraft.item.ItemMultiTexture
minecraft:carrots,141,true,minecraft,net.minecraft.item.ItemBlock
minecraft:potatoes,142,true,minecraft,net.minecraft.item.ItemBlock
minecraft:wooden_button,143,true,minecraft,net.minecraft.item.ItemBlock
minecraft:anvil,145,true,minecraft,net.minecraft.item.ItemAnvilBlock
minecraft:trapped_chest,146,true,minecraft,net.minecraft.item.ItemBlock
minecraft:light_weighted_pressure_plate,147,true,minecraft,net.minecraft.item.ItemBlock
minecraft:heavy_weighted_pressure_plate,148,true,minecraft,net.minecraft.item.ItemBlock
minecraft:daylight_detector,151,true,minecraft,net.minecraft.item.ItemBlock
minecraft:redstone_block,152,true,minecraft,net.minecraft.item.ItemBlock
minecraft:quartz_ore,153,true,minecraft,net.minecraft.item.ItemBlock
minecraft:hopper,154,true,minecraft,net.minecraft.item.ItemBlock
minecraft:quartz_block,155,true,minecraft,net.minecraft.item.ItemMultiTexture
minecraft:quartz_stairs,156,true,minecraft,net.minecraft.item.ItemBlock
minecraft:activator_rail,157,true,minecraft,net.minecraft.item.ItemBlock
minecraft:dropper,158,true,minecraft,net.minecraft.item.ItemBlock
minecraft:stained_hardened_clay,159,true,minecraft,net.minecraft.item.ItemCloth
minecraft:stained_glass_pane,160,true,minecraft,net.minecraft.item.ItemCloth
minecraft:leaves2,161,true,minecraft,net.minecraft.item.ItemLeaves
minecraft:log2,162,true,minecraft,net.minecraft.item.ItemMultiTexture
minecraft:acacia_stairs,163,true,minecraft,net.minecraft.item.ItemBlock
minecraft:dark_oak_stairs,164,true,minecraft,net.minecraft.item.ItemBlock
CLG:CLGController,165,true,CLG,net.minecraft.item.ItemBlock
CLG:CLGCasing,166,true,CLG,net.minecraft.item.ItemBlock
CLG:CLGLavaPump,167,true,CLG,net.minecraft.item.ItemBlock
CLG:CLGLavaGenerator,168,true,CLG,net.minecraft.item.ItemBlock
CLG:CLGEnergyHatch,169,true,CLG,net.minecraft.item.ItemBlock
minecraft:hay_block,170,true,minecraft,net.minecraft.item.ItemBlock
minecraft:carpet,171,true,minecraft,net.minecraft.item.ItemCloth
minecraft:hardened_clay,172,true,minecraft,net.minecraft.item.ItemBlock
minecraft:coal_block,173,true,minecraft,net.minecraft.item.ItemBlock
minecraft:packed_ice,174,true,minecraft,net.minecraft.item.ItemBlock
minecraft:double_plant,175,true,minecraft,net.minecraft.item.ItemDoublePlant
factorization:FzBlock,176,true,factorization,factorization.shared.ItemFactorizationBlock
factorization:FzBlockBarrel,177,true,factorization,factorization.shared.ItemFactorizationBlock
factorization:Lightair,178,true,factorization,net.minecraft.item.ItemBlock
factorization:ResourceBlock,179,true,factorization,factorization.common.ItemBlockResource
factorization:DarkIronOre,180,true,factorization,net.minecraft.item.ItemBlock
factorization:FracturedBedrock,181,true,factorization,net.minecraft.item.ItemBlock
factorization:BlastedBedrock,182,true,factorization,net.minecraft.item.ItemBlock
factorization:GargantuanBlock,183,true,factorization,factorization.colossi.ItemGargantuanBlock
factorization:MantleRock,184,true,factorization,net.minecraft.item.ItemBlock
factorization:BlockMatcher,185,true,factorization,net.minecraft.item.ItemBlock
factorization:ColossalBlock,186,true,factorization,factorization.colossi.ColossalBlockItem
factorization:BlastBlock,187,true,factorization,net.minecraft.item.ItemBlock
EnderIO:blockStirlingGenerator,188,true,EnderIO,net.minecraft.item.ItemBlock
EnderIO:blockCombustionGenerator,189,true,EnderIO,net.minecraft.item.ItemBlock
EnderIO:blockZombieGenerator,190,true,EnderIO,net.minecraft.item.ItemBlock
EnderIO:blockSolarPanel,191,true,EnderIO,crazypants.enderio.machine.solar.BlockItemSolarPanel
EnderIO:blockSagMill,192,true,EnderIO,net.minecraft.item.ItemBlock
EnderIO:blockAlloySmelter,193,true,EnderIO,net.minecraft.item.ItemBlock
EnderIO:blockCapacitorBank,194,true,EnderIO,crazypants.enderio.machine.power.BlockItemCapacitorBank
EnderIO:blockCapBank,195,true,EnderIO,crazypants.enderio.machine.capbank.BlockItemCapBank
EnderIO:blockPainter,196,true,EnderIO,net.minecraft.item.ItemBlock
EnderIO:blockPaintedFence,197,true,EnderIO,crazypants.enderio.machine.painter.BlockItemPaintedFence
EnderIO:blockPaintedFenceGate,198,true,EnderIO,crazypants.enderio.machine.painter.BlockItemPaintedFenceGate
EnderIO:blockPaintedWall,199,true,EnderIO,crazypants.enderio.machine.painter.BlockItemPaintedWall
EnderIO:blockPaintedStair,200,true,EnderIO,crazypants.enderio.machine.painter.BlockItemPaintedStair
EnderIO:blockPaintedSlab,201,true,EnderIO,crazypants.enderio.machine.painter.BlockItemPaintedSlab
EnderIO:blockPaintedDoubleSlab,202,true,EnderIO,crazypants.enderio.machine.painter.BlockItemPaintedSlab
EnderIO:blockCrafter,203,true,EnderIO,net.minecraft.item.ItemBlock
EnderIO:blockPaintedGlowstone,204,true,EnderIO,crazypants.enderio.machine.painter.BlockItemPaintedGlowstone
EnderIO:blockPaintedCarpet,205,true,EnderIO,crazypants.enderio.machine.painter.BlockItemPaintedCarpet
EnderIO:blockVat,206,true,EnderIO,net.minecraft.item.ItemBlock
EnderIO:blockPowerMonitor,207,true,EnderIO,net.minecraft.item.ItemBlock
EnderIO:blockFarmStation,208,true,EnderIO,net.minecraft.item.ItemBlock
EnderIO:blockWirelessCharger,209,true,EnderIO,net.minecraft.item.ItemBlock
EnderIO:blockHyperCube,210,true,EnderIO,net.minecraft.item.ItemBlock
EnderIO:blockTank,211,true,EnderIO,crazypants.enderio.machine.tank.BlockItemTank
EnderIO:blockReservoir,212,true,EnderIO,net.minecraft.item.ItemBlock
EnderIO:blockVacuumChest,213,true,EnderIO,net.minecraft.item.ItemBlock
EnderIO:blockTransceiver,214,true,EnderIO,net.minecraft.item.ItemBlock
EnderIO:blockBuffer,215,true,EnderIO,crazypants.enderio.machine.buffer.BlockItemBuffer
EnderIO:blockEnderIo,216,true,EnderIO,net.minecraft.item.ItemBlock
EnderIO:blockTravelAnchor,217,true,EnderIO,net.minecraft.item.ItemBlock
EnderIO:blockSliceAndSplice,218,true,EnderIO,net.minecraft.item.ItemBlock
EnderIO:blockSoulBinder,219,true,EnderIO,net.minecraft.item.ItemBlock
EnderIO:blockPoweredSpawner,220,true,EnderIO,net.minecraft.item.ItemBlock
EnderIO:blockKillerJoe,221,true,EnderIO,net.minecraft.item.ItemBlock
EnderIO:blockAttractor,222,true,EnderIO,net.minecraft.item.ItemBlock
EnderIO:blockSpawnGuard,223,true,EnderIO,net.minecraft.item.ItemBlock
EnderIO:blockExperienceObelisk,224,true,EnderIO,net.minecraft.item.ItemBlock
EnderIO:blockEnchanter,225,true,EnderIO,net.minecraft.item.ItemBlock
EnderIO:blockDarkSteelPressurePlate,226,true,EnderIO,crazypants.enderio.block.BlockItemDarkSteelPressurePlate
EnderIO:blockDarkSteelAnvil,227,true,EnderIO,net.minecraft.item.ItemAnvilBlock
EnderIO:blockDarkSteelLadder,228,true,EnderIO,net.minecraft.item.ItemBlock
EnderIO:blockElectricLight,229,true,EnderIO,crazypants.enderio.machine.light.BlockItemElectricLight
EnderIO:blockLightNode,230,true,EnderIO,net.minecraft.item.ItemBlock
EnderIO:blockReinforcedObsidian,231,true,EnderIO,net.minecraft.item.ItemBlock
EnderIO:blockFusedQuartz,232,true,EnderIO,crazypants.enderio.material.ItemFusedQuartz
EnderIO:blockEnderRail,233,true,EnderIO,net.minecraft.item.ItemBlock
EnderIO:blockConduitBundle,234,true,EnderIO,net.minecraft.item.ItemBlock
EnderIO:blockConduitFacade,235,true,EnderIO,net.minecraft.item.ItemBlock
EnderIO:blockEndermanSkull,236,true,EnderIO,crazypants.enderio.item.skull.ItemEndermanSkull
EnderIO:blockNutrient_distillation,237,true,EnderIO,net.minecraft.item.ItemBlock
EnderIO:blockHootch,238,true,EnderIO,net.minecraft.item.ItemBlock
EnderIO:blockRocket_fuel,239,true,EnderIO,net.minecraft.item.ItemBlock
EnderIO:blockFire_water,240,true,EnderIO,net.minecraft.item.ItemBlock
EnderIO:blockIngotStorage,241,true,EnderIO,crazypants.enderio.material.BlockItemIngotStorage
EnderIO:blockDarkIronBars,242,true,EnderIO,crazypants.enderio.material.BlockItemDarkIronBars
IC2:blockOreCopper,243,true,IC2,ic2.core.item.block.ItemBlockIC2
IC2:blockOreTin,244,true,IC2,ic2.core.item.block.ItemBlockIC2
IC2:blockOreUran,245,true,IC2,ic2.core.item.block.ItemBlockIC2
IC2:blockOreLead,246,true,IC2,ic2.core.item.block.ItemBlockIC2
IC2:blockRubWood,247,true,IC2,ic2.core.item.block.ItemBlockIC2
IC2:blockRubLeaves,248,true,IC2,ic2.core.item.block.ItemRubLeaves
IC2:blockRubSapling,249,true,IC2,ic2.core.item.block.ItemBlockIC2
IC2:blockHarz,250,true,IC2,ic2.core.item.block.ItemBlockIC2
IC2:blockRubber,251,true,IC2,ic2.core.item.block.ItemBlockIC2
IC2:blockFenceIron,252,true,IC2,ic2.core.item.block.ItemBlockIC2
IC2:blockAlloy,253,true,IC2,ic2.core.item.block.ItemBlockIC2
IC2:blockBasalt,254,true,IC2,ic2.core.item.block.ItemBlockIC2
IC2:blockAlloyGlass,255,true,IC2,ic2.core.item.block.ItemBlockIC2
minecraft:iron_shovel,256,false,minecraft,net.minecraft.item.ItemSpade
minecraft:iron_pickaxe,257,false,minecraft,net.minecraft.item.ItemPickaxe
minecraft:iron_axe,258,false,minecraft,net.minecraft.item.ItemAxe
minecraft:flint_and_steel,259,false,minecraft,net.minecraft.item.ItemFlintAndSteel
minecraft:apple,260,false,minecraft,net.minecraft.item.ItemFood
minecraft:bow,261,false,minecraft,net.minecraft.item.ItemBow
minecraft:arrow,262,false,minecraft,net.minecraft.item.Item
minecraft:coal,263,false,minecraft,net.minecraft.item.ItemCoal
minecraft:diamond,264,false,minecraft,net.minecraft.item.Item
minecraft:iron_ingot,265,false,minecraft,net.minecraft.item.Item
minecraft:gold_ingot,266,false,minecraft,net.minecraft.item.Item
minecraft:iron_sword,267,false,minecraft,net.minecraft.item.ItemSword
minecraft:wooden_sword,268,false,minecraft,net.minecraft.item.ItemSword
minecraft:wooden_shovel,269,false,minecraft,net.minecraft.item.ItemSpade
minecraft:wooden_pickaxe,270,false,minecraft,net.minecraft.item.ItemPickaxe
minecraft:wooden_axe,271,false,minecraft,net.minecraft.item.ItemAxe
minecraft:stone_sword,272,false,minecraft,net.minecraft.item.ItemSword
minecraft:stone_shovel,273,false,minecraft,net.minecraft.item.ItemSpade
minecraft:stone_pickaxe,274,false,minecraft,net.minecraft.item.ItemPickaxe
minecraft:stone_axe,275,false,minecraft,net.minecraft.item.ItemAxe
minecraft:diamond_sword,276,false,minecraft,net.minecraft.item.ItemSword
minecraft:diamond_shovel,277,false,minecraft,net.minecraft.item.ItemSpade
minecraft:diamond_pickaxe,278,false,minecraft,net.minecraft.item.ItemPickaxe
minecraft:diamond_axe,279,false,minecraft,net.minecraft.item.ItemAxe
minecraft:stick,280,false,minecraft,net.minecraft.item.Item
minecraft:bowl,281,false,minecraft,net.minecraft.item.Item
minecraft:mushroom_stew,282,false,minecraft,net.minecraft.item.ItemSoup
minecraft:golden_sword,283,false,minecraft,net.minecraft.item.ItemSword
minecraft:golden_shovel,284,false,minecraft,net.minecraft.item.ItemSpade
minecraft:golden_pickaxe,285,false,minecraft,net.minecraft.item.ItemPickaxe
minecraft:golden_axe,286,false,minecraft,net.minecraft.item.ItemAxe
minecraft:string,287,false,minecraft,net.minecraft.item.ItemReed
minecraft:feather,288,false,minecraft,net.minecraft.item.Item
minecraft:gunpowder,289,false,minecraft,net.minecraft.item.Item
minecraft:wooden_hoe,290,false,minecraft,net.minecraft.item.ItemHoe
minecraft:stone_hoe,291,false,minecraft,net.minecraft.item.ItemHoe
minecraft:iron_hoe,292,false,minecraft,net.minecraft.item.ItemHoe
minecraft:diamond_hoe,293,false,minecraft,net.minecraft.item.ItemHoe
minecraft:golden_hoe,294,false,minecraft,net.minecraft.item.ItemHoe
minecraft:wheat_seeds,295,false,minecraft,net.minecraft.item.ItemSeeds
minecraft:wheat,296,false,minecraft,net.minecraft.item.Item
minecraft:bread,297,false,minecraft,net.minecraft.item.ItemFood
minecraft:leather_helmet,298,false,minecraft,net.minecraft.item.ItemArmor
minecraft:leather_chestplate,299,false,minecraft,net.minecraft.item.ItemArmor
minecraft:leather_leggings,300,false,minecraft,net.minecraft.item.ItemArmor
minecraft:leather_boots,301,false,minecraft,net.minecraft.item.ItemArmor
minecraft:chainmail_helmet,302,false,minecraft,net.minecraft.item.ItemArmor
minecraft:chainmail_chestplate,303,false,minecraft,net.minecraft.item.ItemArmor
minecraft:chainmail_leggings,304,false,minecraft,net.minecraft.item.ItemArmor
minecraft:chainmail_boots,305,false,minecraft,net.minecraft.item.ItemArmor
minecraft:iron_helmet,306,false,minecraft,net.minecraft.item.ItemArmor
minecraft:iron_chestplate,307,false,minecraft,net.minecraft.item.ItemArmor
minecraft:iron_leggings,308,false,minecraft,net.minecraft.item.ItemArmor
minecraft:iron_boots,309,false,minecraft,net.minecraft.item.ItemArmor
minecraft:diamond_helmet,310,false,minecraft,net.minecraft.item.ItemArmor
minecraft:diamond_chestplate,311,false,minecraft,net.minecraft.item.ItemArmor
minecraft:diamond_leggings,312,false,minecraft,net.minecraft.item.ItemArmor
minecraft:diamond_boots,313,false,minecraft,net.minecraft.item.ItemArmor
minecraft:golden_helmet,314,false,minecraft,net.minecraft.item.ItemArmor
minecraft:golden_chestplate,315,false,minecraft,net.minecraft.item.ItemArmor
minecraft:golden_leggings,316,false,minecraft,net.minecraft.item.ItemArmor
minecraft:golden_boots,317,false,minecraft,net.minecraft.item.ItemArmor
minecraft:flint,318,false,minecraft,net.minecraft.item.Item
minecraft:porkchop,319,false,minecraft,net.minecraft.item.ItemFood
minecraft:cooked_porkchop,320,false,minecraft,net.minecraft.item.ItemFood
minecraft:painting,321,false,minecraft,net.minecraft.item.ItemHangingEntity
minecraft:golden_apple,322,false,minecraft,net.minecraft.item.ItemAppleGold
minecraft:sign,323,false,minecraft,net.minecraft.item.ItemSign
minecraft:wooden_door,324,false,minecraft,net.minecraft.item.ItemDoor
minecraft:bucket,325,false,minecraft,net.minecraft.item.ItemBucket
minecraft:water_bucket,326,false,minecraft,net.minecraft.item.ItemBucket
minecraft:lava_bucket,327,false,minecraft,net.minecraft.item.ItemBucket
minecraft:minecart,328,false,minecraft,net.minecraft.item.ItemMinecart
minecraft:saddle,329,false,minecraft,net.minecraft.item.ItemSaddle
minecraft:iron_door,330,false,minecraft,net.minecraft.item.ItemDoor
minecraft:redstone,331,false,minecraft,net.minecraft.item.ItemRedstone
minecraft:snowball,332,false,minecraft,net.minecraft.item.ItemSnowball
minecraft:boat,333,false,minecraft,net.minecraft.item.ItemBoat
minecraft:leather,334,false,minecraft,net.minecraft.item.Item
minecraft:milk_bucket,335,false,minecraft,net.minecraft.item.ItemBucketMilk
minecraft:brick,336,false,minecraft,net.minecraft.item.Item
minecraft:clay_ball,337,false,minecraft,net.minecraft.item.Item
minecraft:reeds,338,false,minecraft,net.minecraft.item.ItemReed
minecraft:paper,339,false,minecraft,net.minecraft.item.Item
minecraft:book,340,false,minecraft,net.minecraft.item.ItemBook
minecraft:slime_ball,341,false,minecraft,net.minecraft.item.Item
minecraft:chest_minecart,342,false,minecraft,net.minecraft.item.ItemMinecart
minecraft:furnace_minecart,343,false,minecraft,net.minecraft.item.ItemMinecart
minecraft:egg,344,false,minecraft,net.minecraft.item.ItemEgg
minecraft:compass,345,false,minecraft,net.minecraft.item.Item
minecraft:fishing_rod,346,false,minecraft,net.minecraft.item.ItemFishingRod
minecraft:clock,347,false,minecraft,net.minecraft.item.Item
minecraft:glowstone_dust,348,false,minecraft,net.minecraft.item.Item
minecraft:fish,349,false,minecraft,net.minecraft.item.ItemFishFood
minecraft:cooked_fished,350,false,minecraft,net.minecraft.item.ItemFishFood
minecraft:dye,351,false,minecraft,net.minecraft.item.ItemDye
minecraft:bone,352,false,minecraft,net.minecraft.item.Item
minecraft:sugar,353,false,minecraft,net.minecraft.item.Item
minecraft:cake,354,false,minecraft,net.minecraft.item.ItemReed
minecraft:bed,355,false,minecraft,net.minecraft.item.ItemBed
minecraft:repeater,356,false,minecraft,net.minecraft.item.ItemReed
minecraft:cookie,357,false,minecraft,net.minecraft.item.ItemFood
minecraft:filled_map,358,false,minecraft,net.minecraft.item.ItemMap
minecraft:shears,359,false,minecraft,net.minecraft.item.ItemShears
minecraft:melon,360,false,minecraft,net.minecraft.item.ItemFood
minecraft:pumpkin_seeds,361,false,minecraft,net.minecraft.item.ItemSeeds
minecraft:melon_seeds,362,false,minecraft,net.minecraft.item.ItemSeeds
minecraft:beef,363,false,minecraft,net.minecraft.item.ItemFood
minecraft:cooked_beef,364,false,minecraft,net.minecraft.item.ItemFood
minecraft:chicken,365,false,minecraft,net.minecraft.item.ItemFood
minecraft:cooked_chicken,366,false,minecraft,net.minecraft.item.ItemFood
minecraft:rotten_flesh,367,false,minecraft,net.minecraft.item.ItemFood
minecraft:ender_pearl,368,false,minecraft,net.minecraft.item.ItemEnderPearl
minecraft:blaze_rod,369,false,minecraft,net.minecraft.item.Item
minecraft:ghast_tear,370,false,minecraft,net.minecraft.item.Item
minecraft:gold_nugget,371,false,minecraft,net.minecraft.item.Item
minecraft:nether_wart,372,false,minecraft,net.minecraft.item.ItemSeeds
minecraft:potion,373,false,minecraft,net.minecraft.item.ItemPotion
minecraft:glass_bottle,374,false,minecraft,net.minecraft.item.ItemGlassBottle
minecraft:spider_eye,375,false,minecraft,net.minecraft.item.ItemFood
minecraft:fermented_spider_eye,376,false,minecraft,net.minecraft.item.Item
minecraft:blaze_powder,377,false,minecraft,net.minecraft.item.Item
minecraft:magma_cream,378,false,minecraft,net.minecraft.item.Item
minecraft:brewing_stand,379,false,minecraft,net.minecraft.item.ItemReed
minecraft:cauldron,380,false,minecraft,net.minecraft.item.ItemReed
minecraft:ender_eye,381,false,minecraft,net.minecraft.item.ItemEnderEye
minecraft:speckled_melon,382,false,minecraft,net.minecraft.item.Item
minecraft:spawn_egg,383,false,minecraft,net.minecraft.item.ItemMonsterPlacer
minecraft:experience_bottle,384,false,minecraft,net.minecraft.item.ItemExpBottle
minecraft:fire_charge,385,false,minecraft,net.minecraft.item.ItemFireball
minecraft:writable_book,386,false,minecraft,net.minecraft.item.ItemWritableBook
minecraft:written_book,387,false,minecraft,net.minecraft.item.ItemEditableBook
minecraft:emerald,388,false,minecraft,net.minecraft.item.Item
minecraft:item_frame,389,false,minecraft,net.minecraft.item.ItemHangingEntity
minecraft:flower_pot,390,false,minecraft,net.minecraft.item.ItemReed
minecraft:carrot,391,false,minecraft,net.minecraft.item.ItemSeedFood
minecraft:potato,392,false,minecraft,net.minecraft.item.ItemSeedFood
minecraft:baked_potato,393,false,minecraft,net.minecraft.item.ItemFood
minecraft:poisonous_potato,394,false,minecraft,net.minecraft.item.ItemFood
minecraft:map,395,false,minecraft,net.minecraft.item.ItemEmptyMap
minecraft:golden_carrot,396,false,minecraft,net.minecraft.item.ItemFood
minecraft:skull,397,false,minecraft,net.minecraft.item.ItemSkull
minecraft:carrot_on_a_stick,398,false,minecraft,net.minecraft.item.ItemCarrotOnAStick
minecraft:nether_star,399,false,minecraft,net.minecraft.item.ItemSimpleFoiled
minecraft:pumpkin_pie,400,false,minecraft,net.minecraft.item.ItemFood
minecraft:fireworks,401,false,minecraft,net.minecraft.item.ItemFirework
minecraft:firework_charge,402,false,minecraft,net.minecraft.item.ItemFireworkCharge
minecraft:enchanted_book,403,false,minecraft,net.minecraft.item.ItemEnchantedBook
minecraft:comparator,404,false,minecraft,net.minecraft.item.ItemReed
minecraft:netherbrick,405,false,minecraft,net.minecraft.item.Item
minecraft:quartz,406,false,minecraft,net.minecraft.item.Item
minecraft:tnt_minecart,407,false,minecraft,net.minecraft.item.ItemMinecart
minecraft:hopper_minecart,408,false,minecraft,net.minecraft.item.ItemMinecart
IC2:blockDoorAlloy,409,true,IC2,net.minecraft.item.ItemBlock
IC2:blockReinforcedFoam,410,true,IC2,ic2.core.item.block.ItemBlockIC2
IC2:blockFoam,411,true,IC2,ic2.core.item.block.ItemBlockIC2
IC2:blockWall,412,true,IC2,ic2.core.item.block.ItemBlockIC2
IC2:blockScaffold,413,true,IC2,ic2.core.item.block.ItemBlockIC2
IC2:blockIronScaffold,414,true,IC2,ic2.core.item.block.ItemBlockIC2
IC2:blockMetal,415,true,IC2,ic2.core.item.block.ItemBlockMetal
IC2:blockCable,416,true,IC2,ic2.core.item.block.ItemBlockIC2
minecraft:iron_horse_armor,417,false,minecraft,net.minecraft.item.Item
minecraft:golden_horse_armor,418,false,minecraft,net.minecraft.item.Item
minecraft:diamond_horse_armor,419,false,minecraft,net.minecraft.item.Item
minecraft:lead,420,false,minecraft,net.minecraft.item.ItemLead
minecraft:name_tag,421,false,minecraft,net.minecraft.item.ItemNameTag
minecraft:command_block_minecart,422,false,minecraft,net.minecraft.item.ItemMinecart
IC2:blockKineticGenerator,423,true,IC2,ic2.core.item.block.ItemKineticGenerator
IC2:blockHeatGenerator,424,true,IC2,ic2.core.item.block.ItemHeatGenerator
IC2:blockGenerator,425,true,IC2,ic2.core.item.block.ItemGenerator
IC2:blockReactorChamber,426,true,IC2,ic2.core.item.block.ItemBlockIC2
IC2:blockReactorFluidPort,427,true,IC2,ic2.core.item.block.ItemBlockIC2
IC2:blockReactorAccessHatch,428,true,IC2,ic2.core.item.block.ItemBlockIC2
IC2:blockReactorRedstonePort,429,true,IC2,ic2.core.item.block.ItemBlockIC2
IC2:blockreactorvessel,430,true,IC2,ic2.core.item.block.ItemBlockIC2
IC2:blockElectric,431,true,IC2,ic2.core.item.block.ItemElectricBlock
IC2:blockChargepad,432,true,IC2,ic2.core.item.block.ItemChargepadBlock
IC2:blockMachine,433,true,IC2,ic2.core.item.block.ItemMachine
IC2:blockMachine2,434,true,IC2,ic2.core.item.block.ItemMachine2
IC2:blockMachine3,435,true,IC2,ic2.core.item.block.ItemMachine3
IC2:blockLuminatorDark,436,true,IC2,ic2.core.item.block.ItemLuminator
IC2:blockLuminator,437,true,IC2,ic2.core.item.block.ItemLuminator
IC2:blockMiningPipe,438,true,IC2,ic2.core.item.block.ItemBlockIC2
IC2:blockMiningTip,439,true,IC2,ic2.core.item.block.ItemBlockIC2
IC2:blockPersonal,440,true,IC2,ic2.core.item.block.ItemPersonalBlock
IC2:blockITNT,441,true,IC2,ic2.core.item.block.ItemBlockIC2
IC2:blockNuke,442,true,IC2,ic2.core.item.block.ItemBlockIC2
IC2:blockDynamite,443,true,IC2,ic2.core.item.block.ItemBlockIC2
IC2:blockDynamiteRemote,444,true,IC2,ic2.core.item.block.ItemBlockIC2
IC2:blockCrop,445,true,IC2,ic2.core.item.block.ItemBlockIC2
IC2:blockBarrel,446,true,IC2,ic2.core.item.block.ItemBlockIC2
IC2:fluidUuMatter,447,true,IC2,ic2.core.item.block.ItemBlockIC2
IC2:fluidConstructionFoam,448,true,IC2,ic2.core.item.block.ItemBlockIC2
IC2:fluidCoolant,449,true,IC2,ic2.core.item.block.ItemBlockIC2
IC2:fluidHotCoolant,450,true,IC2,ic2.core.item.block.ItemBlockIC2
IC2:fluidPahoehoeLava,451,true,IC2,ic2.core.item.block.ItemBlockIC2
IC2:fluidBiomass,452,true,IC2,ic2.core.item.block.ItemBlockIC2
IC2:fluidBiogas,453,true,IC2,ic2.core.item.block.ItemBlockIC2
IC2:fluidDistilledWater,454,true,IC2,ic2.core.item.block.ItemBlockIC2
IC2:fluidSuperheatedSteam,455,true,IC2,ic2.core.item.block.ItemBlockIC2
IC2:fluidSteam,456,true,IC2,ic2.core.item.block.ItemBlockIC2
ThermalFoundation:Ore,457,true,ThermalFoundation,cofh.thermalfoundation.block.ItemBlockOre
ThermalFoundation:Storage,458,true,ThermalFoundation,cofh.thermalfoundation.block.ItemBlockStorage
ThermalFoundation:FluidRedstone,459,true,ThermalFoundation,net.minecraft.item.ItemBlock
ThermalFoundation:FluidGlowstone,460,true,ThermalFoundation,net.minecraft.item.ItemBlock
ThermalFoundation:FluidEnder,461,true,ThermalFoundation,net.minecraft.item.ItemBlock
ThermalFoundation:FluidPyrotheum,462,true,ThermalFoundation,net.minecraft.item.ItemBlock
ThermalFoundation:FluidCryotheum,463,true,ThermalFoundation,net.minecraft.item.ItemBlock
ThermalFoundation:FluidAerotheum,464,true,ThermalFoundation,net.minecraft.item.ItemBlock
ThermalFoundation:FluidPetrotheum,465,true,ThermalFoundation,net.minecraft.item.ItemBlock
ThermalFoundation:FluidMana,466,true,ThermalFoundation,net.minecraft.item.ItemBlock
ThermalFoundation:FluidSteam,467,true,ThermalFoundation,net.minecraft.item.ItemBlock
ThermalFoundation:FluidCoal,468,true,ThermalFoundation,net.minecraft.item.ItemBlock
ThermalDynamics:ThermalDynamics_0,469,true,ThermalDynamics,cofh.thermaldynamics.duct.ItemBlockDuct
ThermalDynamics:ThermalDynamics_16,470,true,ThermalDynamics,cofh.thermaldynamics.duct.ItemBlockDuct
ThermalDynamics:ThermalDynamics_32,471,true,ThermalDynamics,cofh.thermaldynamics.duct.ItemBlockDuct
ThermalDynamics:ThermalDynamics_48,472,true,ThermalDynamics,cofh.thermaldynamics.duct.ItemBlockDuct
ThermalDynamics:ThermalDynamics_64,473,true,ThermalDynamics,cofh.thermaldynamics.duct.ItemBlockDuct
ThermalExpansion:Machine,474,true,ThermalExpansion,cofh.thermalexpansion.block.machine.ItemBlockMachine
ThermalExpansion:Device,475,true,ThermalExpansion,cofh.thermalexpansion.block.device.ItemBlockDevice
ThermalExpansion:Dynamo,476,true,ThermalExpansion,cofh.thermalexpansion.block.dynamo.ItemBlockDynamo
ThermalExpansion:Cell,477,true,ThermalExpansion,cofh.thermalexpansion.block.cell.ItemBlockCell
ThermalExpansion:Tank,478,true,ThermalExpansion,cofh.thermalexpansion.block.tank.ItemBlockTank
ThermalExpansion:Strongbox,479,true,ThermalExpansion,cofh.thermalexpansion.block.strongbox.ItemBlockStrongbox
ThermalExpansion:Cache,480,true,ThermalExpansion,cofh.thermalexpansion.block.cache.ItemBlockCache
ThermalExpansion:Tesseract,481,true,ThermalExpansion,cofh.thermalexpansion.block.ender.ItemBlockEnder
ThermalExpansion:Plate,482,true,ThermalExpansion,cofh.thermalexpansion.block.plate.ItemBlockPlate
ThermalExpansion:Light,483,true,ThermalExpansion,cofh.thermalexpansion.block.light.ItemBlockLight
ThermalExpansion:Frame,484,true,ThermalExpansion,cofh.thermalexpansion.block.simple.ItemBlockFrame
ThermalExpansion:Glass,485,true,ThermalExpansion,cofh.thermalexpansion.block.simple.ItemBlockGlass
ThermalExpansion:Rockwool,486,true,ThermalExpansion,cofh.thermalexpansion.block.simple.ItemBlockRockwool
ThermalExpansion:Sponge,487,true,ThermalExpansion,cofh.thermalexpansion.block.sponge.ItemBlockSponge
ExtraUtilities:color_blockCoal,491,true,ExtraUtilities,com.rwtema.extrautils.item.ItemBlockColor
ExtraUtilities:plant/ender_lilly,492,true,ExtraUtilities,com.rwtema.extrautils.item.ItemBlockEnderLily
ExtraUtilities:trading_post,493,true,ExtraUtilities,net.minecraft.item.ItemBlock
ExtraUtilities:drum,494,true,ExtraUtilities,com.rwtema.extrautils.item.ItemBlockDrum
ExtraUtilities:color_blockRedstone,495,true,ExtraUtilities,com.rwtema.extrautils.item.ItemBlockColor
ExtraUtilities:enderCollector,496,true,ExtraUtilities,net.minecraft.item.ItemBlock
ExtraUtilities:extractor_base_remote,497,true,ExtraUtilities,com.rwtema.extrautils.item.ItemBlockMetadata
ExtraUtilities:spike_base,498,true,ExtraUtilities,com.rwtema.extrautils.item.ItemBlockSpike
ExtraUtilities:color_obsidian,499,true,ExtraUtilities,com.rwtema.extrautils.item.ItemBlockColor
ExtraUtilities:enderQuarry,500,true,ExtraUtilities,net.minecraft.item.ItemBlock
ExtraUtilities:filing,501,true,ExtraUtilities,com.rwtema.extrautils.item.ItemFilingCabinet
ExtraUtilities:block_bedrockium,502,true,ExtraUtilities,com.rwtema.extrautils.block.BlockBedrockium.ItemBedrockium
ExtraUtilities:color_stone,503,true,ExtraUtilities,com.rwtema.extrautils.item.ItemBlockColor
ExtraUtilities:endMarker,504,true,ExtraUtilities,net.minecraft.item.ItemBlock
ExtraUtilities:color_lightgem,505,true,ExtraUtilities,com.rwtema.extrautils.item.ItemBlockColor
ExtraUtilities:color_stonebrick,506,true,ExtraUtilities,com.rwtema.extrautils.item.ItemBlockColor
ExtraUtilities:colorWoodPlanks,507,true,ExtraUtilities,com.rwtema.extrautils.item.ItemBlockColor
ExtraUtilities:generator.8,508,true,ExtraUtilities,com.rwtema.extrautils.item.ItemBlockGenerator
ExtraUtilities:generator.64,509,true,ExtraUtilities,com.rwtema.extrautils.item.ItemBlockGenerator
ExtraUtilities:chandelier,510,true,ExtraUtilities,net.minecraft.item.ItemBlock
ExtraUtilities:spike_base_wood,511,true,ExtraUtilities,com.rwtema.extrautils.item.ItemBlockSpike
ExtraUtilities:generator,512,true,ExtraUtilities,com.rwtema.extrautils.item.ItemBlockGenerator
ExtraUtilities:extractor_base,513,true,ExtraUtilities,com.rwtema.extrautils.item.ItemBlockMetadata
ExtraUtilities:peaceful_table_top,514,true,ExtraUtilities,net.minecraft.item.ItemBlock
ExtraUtilities:pureLove,515,true,ExtraUtilities,net.minecraft.item.ItemBlock
ExtraUtilities:curtains,516,true,ExtraUtilities,net.minecraft.item.ItemBlock
ExtraUtilities:sound_muffler,517,true,ExtraUtilities,com.rwtema.extrautils.item.ItemBlockMetadata
ExtraUtilities:color_brick,518,true,ExtraUtilities,com.rwtema.extrautils.item.ItemBlockColor
ExtraUtilities:timer,519,true,ExtraUtilities,net.minecraft.item.ItemBlock
ExtraUtilities:pipes.1,520,true,ExtraUtilities,com.rwtema.extrautils.item.ItemBlockMetadata
ExtraUtilities:color_blockLapis,521,true,ExtraUtilities,com.rwtema.extrautils.item.ItemBlockColor
ExtraUtilities:conveyor,522,true,ExtraUtilities,net.minecraft.item.ItemBlock
ExtraUtilities:color_redstoneLight,523,true,ExtraUtilities,com.rwtema.extrautils.item.ItemBlockColor
ExtraUtilities:cursedearthside,524,true,ExtraUtilities,com.rwtema.extrautils.item.ItemBlockMetadata
ExtraUtilities:trashcan,525,true,ExtraUtilities,com.rwtema.extrautils.item.ItemBlockMetadata
ExtraUtilities:color_quartzBlock,526,true,ExtraUtilities,com.rwtema.extrautils.item.ItemBlockColor
ExtraUtilities:pipes,527,true,ExtraUtilities,com.rwtema.extrautils.item.ItemBlockMetadata
ExtraUtilities:magnumTorch,528,true,ExtraUtilities,net.minecraft.item.ItemBlock
ExtraUtilities:endConstructor,529,true,ExtraUtilities,com.rwtema.extrautils.item.ItemBlockQED
ExtraUtilities:greenscreen,530,true,ExtraUtilities,com.rwtema.extrautils.item.ItemBlockMetadata
ExtraUtilities:decorativeBlock2,531,true,ExtraUtilities,com.rwtema.extrautils.item.ItemBlockMetadata
ExtraUtilities:decorativeBlock1,532,true,ExtraUtilities,com.rwtema.extrautils.item.ItemBlockMetadata
ExtraUtilities:spike_base_gold,533,true,ExtraUtilities,com.rwtema.extrautils.item.ItemBlockSpike
ExtraUtilities:enderQuarryUpgrade,534,true,ExtraUtilities,com.rwtema.extrautils.item.ItemBlockMetadata
ExtraUtilities:budoff,535,true,ExtraUtilities,com.rwtema.extrautils.item.ItemBlockMetadata
ExtraUtilities:colorStoneBrick,536,true,ExtraUtilities,com.rwtema.extrautils.item.ItemBlockColor
ExtraUtilities:datablock,537,true,ExtraUtilities,net.minecraft.item.ItemBlock
ExtraUtilities:enderThermicPump,538,true,ExtraUtilities,net.minecraft.item.ItemBlock
ExtraUtilities:dark_portal,539,true,ExtraUtilities,com.rwtema.extrautils.item.ItemBlockMetadata
ExtraUtilities:angelBlock,540,true,ExtraUtilities,com.rwtema.extrautils.item.ItemAngelBlock
ExtraUtilities:spike_base_diamond,541,true,ExtraUtilities,com.rwtema.extrautils.item.ItemBlockSpike
ExtraUtilities:color_hellsand,542,true,ExtraUtilities,com.rwtema.extrautils.item.ItemBlockColor
ExtraUtilities:cobblestone_compressed,543,true,ExtraUtilities,com.rwtema.extrautils.item.ItemBlockMetadata
ExtraUtilities:etherealglass,544,true,ExtraUtilities,com.rwtema.extrautils.item.ItemBlockMetadata
BuildCraft|Builders:libraryBlock,545,true,BuildCraft|Builders,buildcraft.core.lib.items.ItemBlockBuildCraft
BuildCraft|Core:eternalSpring,546,true,BuildCraft|Core,buildcraft.core.ItemSpring
BuildCraft|Robotics:zonePlan,547,true,BuildCraft|Robotics,buildcraft.core.lib.items.ItemBlockBuildCraft
ImmersiveEngineering:woodenDecoration,548,true,ImmersiveEngineering,blusunrize.immersiveengineering.common.blocks.wooden.ItemBlockWoodenDecoration
BuildCraft|Factory:autoWorkbenchBlock,549,true,BuildCraft|Factory,buildcraft.core.lib.items.ItemBlockBuildCraft
ImmersiveEngineering:storageSlab,550,true,ImmersiveEngineering,blusunrize.immersiveengineering.common.blocks.ItemBlockIESlabs
BuildCraft|Core:buildToolBlock,551,true,BuildCraft|Core,buildcraft.core.lib.items.ItemBlockBuildCraft
BuildCraft|Core:pathMarkerBlock,552,true,BuildCraft|Core,buildcraft.core.lib.items.ItemBlockBuildCraft
ImmersiveEngineering:woodenStairs,553,true,ImmersiveEngineering,net.minecraft.item.ItemBlock
BuildCraft|Builders:frameBlock,554,true,BuildCraft|Builders,buildcraft.core.lib.items.ItemBlockBuildCraft
BuildCraft|Builders:builderBlock,555,true,BuildCraft|Builders,buildcraft.core.lib.items.ItemBlockBuildCraft
BuildCraft|Silicon:laserBlock,556,true,BuildCraft|Silicon,buildcraft.core.lib.items.ItemBlockBuildCraft
BuildCraft|Transport:pipeBlock,557,true,BuildCraft|Transport,net.minecraft.item.ItemBlock
ImmersiveEngineering:stoneDevice,558,true,ImmersiveEngineering,blusunrize.immersiveengineering.common.blocks.stone.ItemBlockStoneDevices
BuildCraft|Factory:miningWellBlock,559,true,BuildCraft|Factory,buildcraft.core.lib.items.ItemBlockBuildCraft
BuildCraft|Factory:pumpBlock,560,true,BuildCraft|Factory,buildcraft.core.lib.items.ItemBlockBuildCraft
ImmersiveEngineering:metalDevice2,561,true,ImmersiveEngineering,blusunrize.immersiveengineering.common.blocks.metal.ItemBlockMetalDevices2
BuildCraft|Core:markerBlock,562,true,BuildCraft|Core,buildcraft.core.lib.items.ItemBlockBuildCraft
ImmersiveEngineering:metalDecoration,563,true,ImmersiveEngineering,blusunrize.immersiveengineering.common.blocks.metal.ItemBlockMetalDecorations
ImmersiveEngineering:storage,564,true,ImmersiveEngineering,blusunrize.immersiveengineering.common.blocks.ItemBlockIEBase
BuildCraft|Factory:blockHopper,565,true,BuildCraft|Factory,buildcraft.core.lib.items.ItemBlockBuildCraft
BuildCraft|Factory:tankBlock,566,true,BuildCraft|Factory,buildcraft.core.lib.items.ItemBlockBuildCraft
ImmersiveEngineering:woodenDevice,567,true,ImmersiveEngineering,blusunrize.immersiveengineering.common.blocks.wooden.ItemBlockWoodenDevices
BuildCraft|Core:engineBlock,568,true,BuildCraft|Core,buildcraft.core.lib.engines.ItemEngine
BuildCraft|Builders:architectBlock,569,true,BuildCraft|Builders,buildcraft.core.lib.items.ItemBlockBuildCraft
BuildCraft|Silicon:laserTableBlock,570,true,BuildCraft|Silicon,buildcraft.silicon.ItemLaserTable
ImmersiveEngineering:hemp,571,true,ImmersiveEngineering,net.minecraft.item.ItemBlock
BuildCraft|Builders:fillerBlock,572,true,BuildCraft|Builders,buildcraft.core.lib.items.ItemBlockBuildCraft
ImmersiveEngineering:treatedWood,573,true,ImmersiveEngineering,blusunrize.immersiveengineering.common.blocks.ItemBlockIEBase
BuildCraft|Transport:filteredBufferBlock,574,true,BuildCraft|Transport,buildcraft.core.lib.items.ItemBlockBuildCraft
ImmersiveEngineering:metalMultiblock,575,true,ImmersiveEngineering,blusunrize.immersiveengineering.common.blocks.ItemBlockIEBase
BuildCraft|Robotics:requester,576,true,BuildCraft|Robotics,buildcraft.core.lib.items.ItemBlockBuildCraft
ImmersiveEngineering:ore,577,true,ImmersiveEngineering,blusunrize.immersiveengineering.common.blocks.ItemBlockIEBase
ImmersiveEngineering:metalDevice,578,true,ImmersiveEngineering,blusunrize.immersiveengineering.common.blocks.metal.ItemBlockMetalDevices
BuildCraft|Builders:constructionMarkerBlock,579,true,BuildCraft|Builders,buildcraft.builders.ItemConstructionMarker
BuildCraft|Factory:floodGateBlock,580,true,BuildCraft|Factory,buildcraft.core.lib.items.ItemBlockBuildCraft
ImmersiveEngineering:fakeLight,581,true,ImmersiveEngineering,blusunrize.immersiveengineering.common.blocks.ItemBlockIEBase
ImmersiveEngineering:stoneDecoration,582,true,ImmersiveEngineering,blusunrize.immersiveengineering.common.blocks.ItemBlockIEBase
BuildCraft|Builders:machineBlock,583,true,BuildCraft|Builders,buildcraft.core.lib.items.ItemBlockBuildCraft
BuildCraft|Factory:plainPipeBlock,584,true,BuildCraft|Factory,buildcraft.core.lib.items.ItemBlockBuildCraft
BuildCraft|Factory:refineryBlock,585,true,BuildCraft|Factory,buildcraft.core.lib.items.ItemBlockBuildCraft
BuildCraft|Silicon:packagerBlock,586,true,BuildCraft|Silicon,buildcraft.core.lib.items.ItemBlockBuildCraft
BuildCraft|Energy:blockOil,587,true,BuildCraft|Energy,buildcraft.core.lib.items.ItemBlockBuildCraft
BuildCraft|Energy:blockRedPlasma,588,true,BuildCraft|Energy,buildcraft.core.lib.items.ItemBlockBuildCraft
BuildCraft|Energy:blockFuel,589,true,BuildCraft|Energy,buildcraft.core.lib.items.ItemBlockBuildCraft
minecraft:record_13,2256,false,minecraft,net.minecraft.item.ItemRecord
minecraft:record_cat,2257,false,minecraft,net.minecraft.item.ItemRecord
minecraft:record_blocks,2258,false,minecraft,net.minecraft.item.ItemRecord
minecraft:record_chirp,2259,false,minecraft,net.minecraft.item.ItemRecord
minecraft:record_far,2260,false,minecraft,net.minecraft.item.ItemRecord
minecraft:record_mall,2261,false,minecraft,net.minecraft.item.ItemRecord
minecraft:record_mellohi,2262,false,minecraft,net.minecraft.item.ItemRecord
minecraft:record_stal,2263,false,minecraft,net.minecraft.item.ItemRecord
minecraft:record_strad,2264,false,minecraft,net.minecraft.item.ItemRecord
minecraft:record_ward,2265,false,minecraft,net.minecraft.item.ItemRecord
minecraft:record_11,2266,false,minecraft,net.minecraft.item.ItemRecord
minecraft:record_wait,2267,false,minecraft,net.minecraft.item.ItemRecord
CLG:CLGHammer,4096,false,CLG,panda2134.CLG.item.CLGHammer
factorization:ore/reduced,4097,false,factorization,factorization.oreprocessing.ItemOreProcessing
factorization:ceramics/glaze_bucket,4098,false,factorization,factorization.ceramics.ItemGlazeBucket
factorization:utiligoo,4099,false,factorization,factorization.utiligoo.ItemGoo
factorization:socket/,4100,false,factorization,factorization.sockets.ItemSocketPart
factorization:servo/commenter,4101,false,factorization,factorization.servo.ItemCommenter
factorization:twistedBlock,4102,false,factorization,factorization.twistedblock.ItemTwistedBlock
factorization:daybarrel,4103,false,factorization,factorization.weird.ItemDayBarrel
factorization:logic_matrix,4104,false,factorization,factorization.shared.ItemCraftingComponent
factorization:ore/clean,4105,false,factorization,factorization.oreprocessing.ItemOreProcessing
factorization:servo/component,4106,false,factorization,factorization.servo.ItemServoRailWidget
factorization:sculptTool,4107,false,factorization,factorization.ceramics.ItemSculptingTool
factorization:barrelCart,4108,false,factorization,factorization.weird.ItemMinecartDayBarrel
factorization:rocket/rocket_fuel,4109,false,factorization,factorization.shared.ItemCraftingComponent
factorization:entheas,4110,false,factorization,factorization.beauty.ItemGrossFood
factorization:spawnPoster,4111,false,factorization,factorization.weird.poster.ItemSpawnPoster
factorization:tool/charge_meter,4112,false,factorization,factorization.charge.ItemChargeMeter
factorization:lead_ingot,4113,false,factorization,factorization.shared.ItemCraftingComponent
factorization:servo/decorator,4114,false,factorization,factorization.servo.ItemServoRailWidget
factorization:insulated_coil,4115,false,factorization,factorization.shared.ItemCraftingComponent
factorization:socket/scissors,4116,false,factorization,factorization.shared.ItemCraftingComponent
factorization:dark_iron_ingot,4117,false,factorization,factorization.shared.ItemCraftingComponent
factorization:colossusGuide,4118,false,factorization,factorization.colossi.ItemColossusGuide
factorization:charge_battery,4119,false,factorization,factorization.charge.ItemBattery
factorization:logic_matrix_identifier,4120,false,factorization,factorization.shared.ItemCraftingComponent
factorization:servo/servo,4121,false,factorization,factorization.servo.ItemServoMotor
factorization:servo/instruction_plate,4122,false,factorization,factorization.shared.ItemCraftingComponent
factorization:diamond_shard,4123,false,factorization,factorization.shared.ItemCraftingComponent
factorization:fan,4124,false,factorization,factorization.shared.ItemCraftingComponent
factorization:servo/servo_motor,4125,false,factorization,factorization.shared.ItemCraftingComponent
factorization:darkIronChain,4126,false,factorization,factorization.mechanics.ItemDarkIronChain
factorization:mirror,4127,false,factorization,factorization.shared.ItemBlockProxy
factorization:tool/matrix_programmer,4128,false,factorization,factorization.servo.ItemMatrixProgrammer
factorization:shortChain,4129,false,factorization,factorization.shared.ItemCraftingComponent
factorization:tool/pocket_crafting_table,4130,false,factorization,factorization.weird.ItemPocketTable
factorization:rocket/rocket_engine,4131,false,factorization,factorization.shared.ItemBlockProxy
factorization:ore/gravel,4132,false,factorization,factorization.oreprocessing.ItemOreProcessing
factorization:acid,4133,false,factorization,factorization.charge.ItemAcidBottle
factorization:chainLink,4134,false,factorization,factorization.shared.ItemCraftingComponent
factorization:logic_matrix_controller,4135,false,factorization,factorization.shared.ItemCraftingComponent
factorization:silver_ingot,4136,false,factorization,factorization.shared.ItemCraftingComponent
factorization:leafBomb,4137,false,factorization,factorization.beauty.ItemLeafBomb
factorization:motor,4138,false,factorization,factorization.shared.ItemCraftingComponent
factorization:ore/crystal,4139,false,factorization,factorization.oreprocessing.ItemOreProcessing
factorization:corkscrew,4140,false,factorization,factorization.shared.ItemCraftingComponent
factorization:diamond_cutting_head,4141,false,factorization,factorization.shared.ItemCraftingComponent
factorization:docbook,4142,false,factorization,factorization.truth.minecraft.ItemDocBook
factorization:sludge,4143,false,factorization,factorization.shared.ItemCraftingComponent
factorization:servo/sprocket,4144,false,factorization,factorization.shared.ItemCraftingComponent
factorization:sap,4145,false,factorization,factorization.beauty.ItemGrossFood
factorization:nether_powder,4146,false,factorization,factorization.shared.ItemCraftingComponent
EnderIO:itemFusedQuartzFrame,4147,false,EnderIO,crazypants.enderio.material.ItemFusedQuartzFrame
EnderIO:itemConduitFacade,4148,false,EnderIO,crazypants.enderio.conduit.facade.ItemConduitFacade
EnderIO:itemBrokenSpawner,4149,false,EnderIO,crazypants.enderio.machine.spawner.ItemBrokenSpawner
EnderIO:itemFrankenSkull,4150,false,EnderIO,crazypants.enderio.material.ItemFrankenSkull
EnderIO:itemRedstoneConduit,4151,false,EnderIO,crazypants.enderio.conduit.redstone.ItemRedstoneConduit
EnderIO:itemPowerConduit,4152,false,EnderIO,crazypants.enderio.conduit.power.ItemPowerConduit
EnderIO:itemLiquidConduit,4153,false,EnderIO,crazypants.enderio.conduit.liquid.ItemLiquidConduit
EnderIO:itemItemConduit,4154,false,EnderIO,crazypants.enderio.conduit.item.ItemItemConduit
EnderIO:itemBasicFilterUpgrade,4155,false,EnderIO,crazypants.enderio.conduit.item.filter.ItemBasicItemFilter
EnderIO:itemExistingItemFilter,4156,false,EnderIO,crazypants.enderio.conduit.item.filter.ItemExistingItemFilter
EnderIO:itemModItemFilter,4157,false,EnderIO,crazypants.enderio.conduit.item.filter.ItemModItemFilter
EnderIO:itemPowerItemFilter,4158,false,EnderIO,crazypants.enderio.conduit.item.filter.ItemPowerItemFilter
EnderIO:itemExtractSpeedUpgrade,4159,false,EnderIO,crazypants.enderio.conduit.item.ItemExtractSpeedUpgrade
EnderIO:itemBasicCapacitor,4160,false,EnderIO,crazypants.enderio.material.ItemCapacitor
EnderIO:itemMachinePart,4161,false,EnderIO,crazypants.enderio.material.ItemMachinePart
EnderIO:itemMaterial,4162,false,EnderIO,crazypants.enderio.material.ItemMaterial
EnderIO:itemAlloy,4163,false,EnderIO,crazypants.enderio.material.ItemAlloy
EnderIO:itemPowderIngot,4164,false,EnderIO,crazypants.enderio.material.ItemPowderIngot
EnderIO:bucketXpjuice,4165,false,EnderIO,crazypants.enderio.fluid.ItemBucketEio
EnderIO:bucketNutrient_distillation,4166,false,EnderIO,crazypants.enderio.fluid.ItemBucketEio
EnderIO:bucketHootch,4167,false,EnderIO,crazypants.enderio.fluid.ItemBucketEio
EnderIO:bucketRocket_fuel,4168,false,EnderIO,crazypants.enderio.fluid.ItemBucketEio
EnderIO:bucketFire_water,4169,false,EnderIO,crazypants.enderio.fluid.ItemBucketEio
EnderIO:itemYetaWrench,4170,false,EnderIO,crazypants.enderio.item.ItemYetaWrench$$EnhancerByCGLIB$$56038a9e
EnderIO:itemEnderface,4171,false,EnderIO,crazypants.enderio.enderface.ItemEnderface
EnderIO:itemTravelStaff,4172,false,EnderIO,crazypants.enderio.teleport.ItemTravelStaff
EnderIO:itemConduitProbe,4173,false,EnderIO,crazypants.enderio.item.ItemConduitProbe
EnderIO:itemMagnet,4174,false,EnderIO,crazypants.enderio.item.ItemMagnet
EnderIO:itemXpTransfer,4175,false,EnderIO,crazypants.enderio.machine.xp.ItemXpTransfer
EnderIO:itemSoulVessel,4176,false,EnderIO,crazypants.enderio.item.ItemSoulVessel
EnderIO:itemGliderWing,4177,false,EnderIO,crazypants.enderio.item.darksteel.ItemGliderWing
EnderIO:item.darkSteel_helmet,4178,false,EnderIO,crazypants.enderio.item.darksteel.ItemDarkSteelArmor
EnderIO:item.darkSteel_chestplate,4179,false,EnderIO,crazypants.enderio.item.darksteel.ItemDarkSteelArmor
EnderIO:item.darkSteel_leggings,4180,false,EnderIO,crazypants.enderio.item.darksteel.ItemDarkSteelArmor
EnderIO:item.darkSteel_boots,4181,false,EnderIO,crazypants.enderio.item.darksteel.ItemDarkSteelArmor
EnderIO:item.darkSteel_sword,4182,false,EnderIO,crazypants.enderio.item.darksteel.ItemDarkSteelSword
EnderIO:item.darkSteel_pickaxe,4183,false,EnderIO,crazypants.enderio.item.darksteel.ItemDarkSteelPickaxe
EnderIO:item.darkSteel_axe,4184,false,EnderIO,crazypants.enderio.item.darksteel.ItemDarkSteelAxe
IC2:itemHarz,4185,false,IC2,ic2.core.item.ItemResin
IC2:itemRubber,4186,false,IC2,ic2.core.item.ItemIC2
IC2:itemFluidCell,4187,false,IC2,ic2.core.item.ItemFluidCell
IC2:itemupgradekit,4188,false,IC2,ic2.core.item.ItemUpgradeKit
IC2:itemRecipePart,4189,false,IC2,ic2.core.item.resources.ItemRecipePart
IC2:itemCasing,4190,false,IC2,ic2.core.item.resources.ItemCasing
IC2:itemCrushedOre,4191,false,IC2,ic2.core.item.resources.ItemCrushedOre
IC2:itemPurifiedCrushedOre,4192,false,IC2,ic2.core.item.resources.ItemPurifiedCrushedOre
IC2:itemPlates,4193,false,IC2,ic2.core.item.resources.ItemPlate
IC2:itemDensePlates,4194,false,IC2,ic2.core.item.resources.ItemDensePlate
IC2:itemTurningBlanks,4195,false,IC2,ic2.core.item.resources.ItemLatheDefault
IC2:itemTurningBlanksWood,4196,false,IC2,ic2.core.item.resources.ItemLatheDefault
IC2:itemDustSmall,4197,false,IC2,ic2.core.item.resources.ItemsmallDust
IC2:itemDust,4198,false,IC2,ic2.core.item.resources.ItemDust
IC2:itemDust2,4199,false,IC2,ic2.core.item.resources.ItemDust2
IC2:itemIngot,4200,false,IC2,ic2.core.item.resources.ItemIngot
IC2:reactorLithiumCell,4201,false,IC2,ic2.core.item.reactor.ItemReactorLithiumCell
IC2:itemTritiumCell,4202,false,IC2,ic2.core.item.ItemIC2
IC2:itemUran,4203,false,IC2,ic2.core.item.ItemRadioactive
IC2:itemMOX,4204,false,IC2,ic2.core.item.ItemRadioactive
IC2:itemPlutonium,4205,false,IC2,ic2.core.item.ItemRadioactive
IC2:itemPlutoniumSmall,4206,false,IC2,ic2.core.item.ItemRadioactive
IC2:itemUran235,4207,false,IC2,ic2.core.item.ItemRadioactive
IC2:itemUran235small,4208,false,IC2,ic2.core.item.ItemRadioactive
IC2:itemUran238,4209,false,IC2,ic2.core.item.ItemRadioactive
IC2:itemFuelRod,4210,false,IC2,ic2.core.item.ItemIC2
IC2:itemRTGPellet,4211,false,IC2,ic2.core.item.ItemRadioactive
IC2:itemPartCircuit,4212,false,IC2,ic2.core.item.ItemIC2
IC2:itemPartCircuitAdv,4213,false,IC2,ic2.core.item.ItemIC2
IC2:itemPartAlloy,4214,false,IC2,ic2.core.item.ItemIC2
IC2:itemPartCarbonFibre,4215,false,IC2,ic2.core.item.ItemIC2
IC2:itemPartCarbonMesh,4216,false,IC2,ic2.core.item.ItemIC2
IC2:itemPartCarbonPlate,4217,false,IC2,ic2.core.item.ItemIC2
IC2:itemOreIridium,4218,false,IC2,ic2.core.item.ItemIC2
IC2:itemPartIridium,4219,false,IC2,ic2.core.item.ItemIC2
IC2:itemTreetap,4220,false,IC2,ic2.core.item.tool.ItemTreetap
IC2:itemToolBronzePickaxe,4221,false,IC2,ic2.core.item.tool.ItemIC2Pickaxe
IC2:itemToolBronzeAxe,4222,false,IC2,ic2.core.item.tool.ItemIC2Axe
IC2:itemToolBronzeSword,4223,false,IC2,ic2.core.item.tool.ItemIC2Sword
IC2:itemToolBronzeSpade,4224,false,IC2,ic2.core.item.tool.ItemIC2Spade
IC2:itemToolBronzeHoe,4225,false,IC2,ic2.core.item.tool.ItemIC2Hoe
IC2:itemToolWrench,4226,false,IC2,ic2.core.item.tool.ItemToolWrench
IC2:itemToolCutter,4227,false,IC2,ic2.core.item.tool.ItemToolCutter
IC2:itemFoamSprayer,4228,false,IC2,ic2.core.item.tool.ItemSprayer
IC2:itemToolbox,4229,false,IC2,ic2.core.item.ItemToolbox
IC2:itemContainmentbox,4230,false,IC2,ic2.core.item.ItemContainmentbox
IC2:itemToolForgeHammer,4231,false,IC2,ic2.core.item.tool.ItemToolHammer
IC2:itemLathingTool,4232,false,IC2,ic2.core.item.tool.ItemLathingTool
IC2:itemcrystalmemory,4233,false,IC2,ic2.core.item.ItemCrystalMemory
IC2:itemToolDrill,4234,false,IC2,ic2.core.item.tool.ItemDrillStandard
IC2:itemToolDDrill,4235,false,IC2,ic2.core.item.tool.ItemDrillDiamond
IC2:itemToolIridiumDrill,4236,false,IC2,ic2.core.item.tool.ItemDrillIridium
IC2:itemToolChainsaw,4237,false,IC2,ic2.core.item.tool.ItemElectricToolChainsaw
IC2:itemToolWrenchElectric,4238,false,IC2,ic2.core.item.tool.ItemToolWrenchElectric
IC2:itemTreetapElectric,4239,false,IC2,ic2.core.item.tool.ItemTreetapElectric
IC2:itemToolMiningLaser,4240,false,IC2,ic2.core.item.tool.ItemToolMiningLaser
IC2:itemToolMEter,4241,false,IC2,ic2.core.item.tool.ItemToolMeter
IC2:itemScanner,4242,false,IC2,ic2.core.item.tool.ItemScanner
IC2:itemScannerAdv,4243,false,IC2,ic2.core.item.tool.ItemScannerAdv
IC2:obscurator,4244,false,IC2,ic2.core.item.tool.ItemObscurator
IC2:itemFreq,4245,false,IC2,ic2.core.item.tool.ItemFrequencyTransmitter
IC2:itemNanoSaber,4246,false,IC2,ic2.core.item.tool.ItemNanoSaber
IC2:plasmaLauncher,4247,false,IC2,ic2.core.item.tool.PlasmaLauncher
IC2:windmeter,4248,false,IC2,ic2.core.item.tool.ItemWindmeter
IC2:itemArmorHazmatHelmet,4249,false,IC2,ic2.core.item.armor.ItemArmorHazmat
IC2:itemArmorHazmatChestplate,4250,false,IC2,ic2.core.item.armor.ItemArmorHazmat
IC2:itemArmorHazmatLeggings,4251,false,IC2,ic2.core.item.armor.ItemArmorHazmat
IC2:itemArmorRubBoots,4252,false,IC2,ic2.core.item.armor.ItemArmorHazmat
IC2:itemArmorBronzeHelmet,4253,false,IC2,ic2.core.item.armor.ItemArmorIC2
IC2:itemArmorBronzeChestplate,4254,false,IC2,ic2.core.item.armor.ItemArmorIC2
IC2:itemArmorBronzeLegs,4255,false,IC2,ic2.core.item.armor.ItemArmorIC2
IC2:itemArmorBronzeBoots,4256,false,IC2,ic2.core.item.armor.ItemArmorIC2
IC2:itemArmorAlloyChestplate,4257,false,IC2,ic2.core.item.armor.ItemArmorIC2
IC2:itemArmorNanoHelmet,4258,false,IC2,ic2.core.item.armor.ItemArmorNanoSuit
IC2:itemArmorNanoChestplate,4259,false,IC2,ic2.core.item.armor.ItemArmorNanoSuit
IC2:itemArmorNanoLegs,4260,false,IC2,ic2.core.item.armor.ItemArmorNanoSuit
IC2:itemArmorNanoBoots,4261,false,IC2,ic2.core.item.armor.ItemArmorNanoSuit
IC2:itemArmorQuantumHelmet,4262,false,IC2,ic2.core.item.armor.ItemArmorQuantumSuit
IC2:itemArmorQuantumChestplate,4263,false,IC2,ic2.core.item.armor.ItemArmorQuantumSuit
IC2:itemArmorQuantumLegs,4264,false,IC2,ic2.core.item.armor.ItemArmorQuantumSuit
IC2:itemArmorQuantumBoots,4265,false,IC2,ic2.core.item.armor.ItemArmorQuantumSuit
IC2:itemArmorJetpack,4266,false,IC2,ic2.core.item.armor.ItemArmorJetpack
IC2:itemArmorJetpackElectric,4267,false,IC2,ic2.core.item.armor.ItemArmorJetpackElectric
IC2:itemArmorBatpack,4268,false,IC2,ic2.core.item.armor.ItemArmorBatpack
IC2:itemArmorAdvBatpack,4269,false,IC2,ic2.core.item.armor.ItemArmorAdvBatpack
IC2:itemArmorEnergypack,4270,false,IC2,ic2.core.item.armor.ItemArmorEnergypack
IC2:itemArmorCFPack,4271,false,IC2,ic2.core.item.armor.ItemArmorCFPack
IC2:itemSolarHelmet,4272,false,IC2,ic2.core.item.armor.ItemArmorSolarHelmet
IC2:itemStaticBoots,4273,false,IC2,ic2.core.item.armor.ItemArmorStaticBoots
IC2:itemNightvisionGoggles,4274,false,IC2,ic2.core.item.armor.ItemArmorNightvisionGoggles
IC2:itemBatREDischarged,4275,false,IC2,ic2.core.item.ItemBatteryDischarged
IC2:itemBatRE,4276,false,IC2,ic2.core.item.ItemBattery
IC2:itemAdvBat,4277,false,IC2,ic2.core.item.ItemBattery
IC2:itemBatCrystal,4278,false,IC2,ic2.core.item.ItemBattery
IC2:itemBatLamaCrystal,4279,false,IC2,ic2.core.item.ItemBattery
IC2:itemBatSU,4280,false,IC2,ic2.core.item.ItemBatterySU
IC2:itemBatChargeRE,4281,false,IC2,ic2.core.item.ItemBatteryChargeHotbar
IC2:itemBatChargeAdv,4282,false,IC2,ic2.core.item.ItemBatteryChargeHotbar
IC2:itemBatChargeCrystal,4283,false,IC2,ic2.core.item.ItemBatteryChargeHotbar
IC2:itemBatChargeLamaCrystal,4284,false,IC2,ic2.core.item.ItemBatteryChargeHotbar
IC2:itemCable,4285,false,IC2,ic2.core.item.block.ItemCable
IC2:itemCellEmpty,4286,false,IC2,ic2.core.item.resources.ItemCell
IC2:itemTinCan,4287,false,IC2,ic2.core.item.ItemIC2
IC2:itemTinCanFilled,4288,false,IC2,ic2.core.item.ItemTinCan
IC2:reactorMOXSimple,4289,false,IC2,ic2.core.item.reactor.ItemReactorMOX
IC2:reactorMOXDual,4290,false,IC2,ic2.core.item.reactor.ItemReactorMOX
IC2:reactorMOXQuad,4291,false,IC2,ic2.core.item.reactor.ItemReactorMOX
IC2:reactorUraniumSimple,4292,false,IC2,ic2.core.item.reactor.ItemReactorUranium
IC2:reactorUraniumDual,4293,false,IC2,ic2.core.item.reactor.ItemReactorUranium
IC2:reactorUraniumQuad,4294,false,IC2,ic2.core.item.reactor.ItemReactorUranium
IC2:reactorMOXSimpledepleted,4295,false,IC2,ic2.core.item.ItemRadioactive
IC2:reactorMOXDualdepleted,4296,false,IC2,ic2.core.item.ItemRadioactive
IC2:reactorMOXQuaddepleted,4297,false,IC2,ic2.core.item.ItemRadioactive
IC2:reactorUraniumSimpledepleted,4298,false,IC2,ic2.core.item.ItemRadioactive
IC2:reactorUraniumDualdepleted,4299,false,IC2,ic2.core.item.ItemRadioactive
IC2:reactorUraniumQuaddepleted,4300,false,IC2,ic2.core.item.ItemRadioactive
IC2:reactorCoolantSimple,4301,false,IC2,ic2.core.item.reactor.ItemReactorHeatStorage
IC2:reactorCoolantTriple,4302,false,IC2,ic2.core.item.reactor.ItemReactorHeatStorage
IC2:reactorCoolantSix,4303,false,IC2,ic2.core.item.reactor.ItemReactorHeatStorage
IC2:reactorPlating,4304,false,IC2,ic2.core.item.reactor.ItemReactorPlating
IC2:reactorPlatingHeat,4305,false,IC2,ic2.core.item.reactor.ItemReactorPlating
IC2:reactorPlatingExplosive,4306,false,IC2,ic2.core.item.reactor.ItemReactorPlating
IC2:reactorHeatSwitch,4307,false,IC2,ic2.core.item.reactor.ItemReactorHeatSwitch
IC2:reactorHeatSwitchCore,4308,false,IC2,ic2.core.item.reactor.ItemReactorHeatSwitch
IC2:reactorHeatSwitchSpread,4309,false,IC2,ic2.core.item.reactor.ItemReactorHeatSwitch
IC2:reactorHeatSwitchDiamond,4310,false,IC2,ic2.core.item.reactor.ItemReactorHeatSwitch
IC2:reactorVent,4311,false,IC2,ic2.core.item.reactor.ItemReactorVent
IC2:reactorVentCore,4312,false,IC2,ic2.core.item.reactor.ItemReactorVent
IC2:reactorVentGold,4313,false,IC2,ic2.core.item.reactor.ItemReactorVent
IC2:reactorVentSpread,4314,false,IC2,ic2.core.item.reactor.ItemReactorVentSpread
IC2:reactorVentDiamond,4315,false,IC2,ic2.core.item.reactor.ItemReactorVent
IC2:reactorReflector,4316,false,IC2,ic2.core.item.reactor.ItemReactorReflector
IC2:reactorReflectorThick,4317,false,IC2,ic2.core.item.reactor.ItemReactorReflector
IC2:reactorCondensator,4318,false,IC2,ic2.core.item.reactor.ItemReactorCondensator
IC2:reactorCondensatorLap,4319,false,IC2,ic2.core.item.reactor.ItemReactorCondensator
IC2:itemTFBP,4320,false,IC2,ic2.core.item.ItemIC2
IC2:itemTFBPCultivation,4321,false,IC2,ic2.core.item.tfbp.ItemTFBPCultivation
IC2:itemTFBPIrrigation,4322,false,IC2,ic2.core.item.tfbp.ItemTFBPIrrigation
IC2:itemTFBPChilling,4323,false,IC2,ic2.core.item.tfbp.ItemTFBPChilling
IC2:itemTFBPDesertification,4324,false,IC2,ic2.core.item.tfbp.ItemTFBPDesertification
IC2:itemTFBPFlatification,4325,false,IC2,ic2.core.item.tfbp.ItemTFBPFlatification
IC2:itemTFBPMushroom,4326,false,IC2,ic2.core.item.tfbp.ItemTFBPMushroom
IC2:itemPartCoalBall,4327,false,IC2,ic2.core.item.ItemIC2
IC2:itemPartCoalBlock,4328,false,IC2,ic2.core.item.ItemIC2
IC2:itemPartCoalChunk,4329,false,IC2,ic2.core.item.ItemIC2
IC2:itemPartIndustrialDiamond,4330,false,IC2,ic2.core.item.ItemIC2
IC2:itemSlag,4331,false,IC2,ic2.core.item.ItemIC2
IC2:itemScrap,4332,false,IC2,ic2.core.item.ItemIC2
IC2:itemScrapbox,4333,false,IC2,ic2.core.item.ItemScrapbox
IC2:itemFuelPlantBall,4334,false,IC2,ic2.core.item.ItemIC2
IC2:itemBiochaff,4335,false,IC2,ic2.core.item.ItemIC2
IC2:itemToolPainter,4336,false,IC2,ic2.core.item.ItemIC2
IC2:itemToolPainterBlack,4337,false,IC2,ic2.core.item.tool.ItemToolPainter
IC2:itemToolPainterRed,4338,false,IC2,ic2.core.item.tool.ItemToolPainter
IC2:itemToolPainterGreen,4339,false,IC2,ic2.core.item.tool.ItemToolPainter
IC2:itemToolPainterBrown,4340,false,IC2,ic2.core.item.tool.ItemToolPainter
IC2:itemToolPainterBlue,4341,false,IC2,ic2.core.item.tool.ItemToolPainter
IC2:itemToolPainterPurple,4342,false,IC2,ic2.core.item.tool.ItemToolPainter
IC2:itemToolPainterCyan,4343,false,IC2,ic2.core.item.tool.ItemToolPainter
IC2:itemToolPainterLightGrey,4344,false,IC2,ic2.core.item.tool.ItemToolPainter
IC2:itemToolPainterDarkGrey,4345,false,IC2,ic2.core.item.tool.ItemToolPainter
IC2:itemToolPainterPink,4346,false,IC2,ic2.core.item.tool.ItemToolPainter
IC2:itemToolPainterLime,4347,false,IC2,ic2.core.item.tool.ItemToolPainter
IC2:itemToolPainterYellow,4348,false,IC2,ic2.core.item.tool.ItemToolPainter
IC2:itemToolPainterCloud,4349,false,IC2,ic2.core.item.tool.ItemToolPainter
IC2:itemToolPainterMagenta,4350,false,IC2,ic2.core.item.tool.ItemToolPainter
IC2:itemToolPainterOrange,4351,false,IC2,ic2.core.item.tool.ItemToolPainter
IC2:itemToolPainterWhite,4352,false,IC2,ic2.core.item.tool.ItemToolPainter
IC2:itemDynamite,4353,false,IC2,ic2.core.item.block.ItemDynamite
IC2:itemDynamiteSticky,4354,false,IC2,ic2.core.item.block.ItemDynamite
IC2:itemRemote,4355,false,IC2,ic2.core.item.tool.ItemRemote
IC2:upgradeModule,4356,false,IC2,ic2.core.item.ItemUpgradeModule
IC2:itemCoin,4357,false,IC2,ic2.core.item.ItemIC2
IC2:itemDoorAlloy,4358,false,IC2,ic2.core.item.block.ItemIC2Door
IC2:itemPartCFPowder,4359,false,IC2,ic2.core.item.ItemFoamPowder
IC2:itemGrinPowder,4360,false,IC2,ic2.core.item.ItemIC2
IC2:itemDebug,4361,false,IC2,ic2.core.item.tool.ItemDebug
IC2:itemBoat,4362,false,IC2,ic2.core.item.ItemIC2Boat
IC2:itemWeedingTrowel,4363,false,IC2,ic2.core.item.tool.ItemWeedingTrowel
IC2:itemWeed,4364,false,IC2,ic2.core.item.ItemIC2
IC2:itemCropSeed,4365,false,IC2,ic2.core.item.ItemCropSeed
IC2:itemCropnalyzer,4366,false,IC2,ic2.core.item.tool.ItemCropnalyzer
IC2:itemFertilizer,4367,false,IC2,ic2.core.item.ItemFertilizer
IC2:itemCellHydrant,4368,false,IC2,ic2.core.item.ItemGradual
IC2:itemToolHoe,4369,false,IC2,ic2.core.item.tool.ItemElectricToolHoe
IC2:itemTerraWart,4370,false,IC2,ic2.core.item.ItemTerraWart
IC2:itemWeedEx,4371,false,IC2,ic2.core.item.ItemIC2
IC2:itemMugEmpty,4372,false,IC2,ic2.core.item.ItemMug
IC2:itemCofeeBeans,4373,false,IC2,ic2.core.item.ItemIC2
IC2:itemCofeePowder,4374,false,IC2,ic2.core.item.ItemIC2
IC2:itemMugCoffee,4375,false,IC2,ic2.core.item.ItemMugCoffee
IC2:itemHops,4376,false,IC2,ic2.core.item.ItemIC2
IC2:itemBarrel,4377,false,IC2,ic2.core.item.block.ItemBarrel
IC2:itemMugBooze,4378,false,IC2,ic2.core.item.ItemBooze
IC2:itemwoodrotor,4379,false,IC2,ic2.core.item.resources.ItemWindRotor
IC2:itemironrotor,4380,false,IC2,ic2.core.item.resources.ItemWindRotor
IC2:itemsteelrotor,4381,false,IC2,ic2.core.item.resources.ItemWindRotor
IC2:itemwcarbonrotor,4382,false,IC2,ic2.core.item.resources.ItemWindRotor
IC2:itemSteamTurbine,4383,false,IC2,ic2.core.item.ItemGradualInt
IC2:itemSteamTurbineBlade,4384,false,IC2,ic2.core.item.ItemIC2
IC2:itemIronBlockCuttingBlade,4385,false,IC2,ic2.core.item.resources.ItemBlockCuttingBlade
IC2:itemAdvIronBlockCuttingBlade,4386,false,IC2,ic2.core.item.resources.ItemBlockCuttingBlade
IC2:itemDiamondBlockCuttingBlade,4387,false,IC2,ic2.core.item.resources.ItemBlockCuttingBlade
ThermalFoundation:lexicon,4388,false,ThermalFoundation,cofh.thermalfoundation.item.ItemLexicon
ThermalFoundation:bucket,4389,false,ThermalFoundation,cofh.core.item.ItemBucket
ThermalFoundation:material,4390,false,ThermalFoundation,cofh.core.item.ItemBase
ThermalFoundation:armor.helmetCopper,4391,false,ThermalFoundation,cofh.core.item.ItemArmorAdv
ThermalFoundation:armor.plateCopper,4392,false,ThermalFoundation,cofh.core.item.ItemArmorAdv
ThermalFoundation:armor.legsCopper,4393,false,ThermalFoundation,cofh.core.item.ItemArmorAdv
ThermalFoundation:armor.bootsCopper,4394,false,ThermalFoundation,cofh.core.item.ItemArmorAdv
ThermalFoundation:tool.swordCopper,4395,false,ThermalFoundation,cofh.core.item.tool.ItemSwordAdv
ThermalFoundation:tool.shovelCopper,4396,false,ThermalFoundation,cofh.core.item.tool.ItemShovelAdv
ThermalFoundation:tool.pickaxeCopper,4397,false,ThermalFoundation,cofh.core.item.tool.ItemPickaxeAdv
ThermalFoundation:tool.axeCopper,4398,false,ThermalFoundation,cofh.core.item.tool.ItemAxeAdv
ThermalFoundation:tool.hoeCopper,4399,false,ThermalFoundation,cofh.core.item.tool.ItemHoeAdv
ThermalFoundation:tool.shearsCopper,4400,false,ThermalFoundation,cofh.core.item.tool.ItemShearsAdv
ThermalFoundation:tool.fishingRodCopper,4401,false,ThermalFoundation,cofh.core.item.tool.ItemFishingRodAdv
ThermalFoundation:tool.sickleCopper,4402,false,ThermalFoundation,cofh.core.item.tool.ItemSickleAdv
ThermalFoundation:tool.bowCopper,4403,false,ThermalFoundation,cofh.core.item.tool.ItemBowAdv
ThermalFoundation:armor.helmetTin,4404,false,ThermalFoundation,cofh.core.item.ItemArmorAdv
ThermalFoundation:armor.plateTin,4405,false,ThermalFoundation,cofh.core.item.ItemArmorAdv
ThermalFoundation:armor.legsTin,4406,false,ThermalFoundation,cofh.core.item.ItemArmorAdv
ThermalFoundation:armor.bootsTin,4407,false,ThermalFoundation,cofh.core.item.ItemArmorAdv
ThermalFoundation:tool.swordTin,4408,false,ThermalFoundation,cofh.core.item.tool.ItemSwordAdv
ThermalFoundation:tool.shovelTin,4409,false,ThermalFoundation,cofh.core.item.tool.ItemShovelAdv
ThermalFoundation:tool.pickaxeTin,4410,false,ThermalFoundation,cofh.core.item.tool.ItemPickaxeAdv
ThermalFoundation:tool.axeTin,4411,false,ThermalFoundation,cofh.core.item.tool.ItemAxeAdv
ThermalFoundation:tool.hoeTin,4412,false,ThermalFoundation,cofh.core.item.tool.ItemHoeAdv
ThermalFoundation:tool.shearsTin,4413,false,ThermalFoundation,cofh.core.item.tool.ItemShearsAdv
ThermalFoundation:tool.fishingRodTin,4414,false,ThermalFoundation,cofh.core.item.tool.ItemFishingRodAdv
ThermalFoundation:tool.sickleTin,4415,false,ThermalFoundation,cofh.core.item.tool.ItemSickleAdv
ThermalFoundation:tool.bowTin,4416,false,ThermalFoundation,cofh.core.item.tool.ItemBowAdv
ThermalFoundation:armor.helmetSilver,4417,false,ThermalFoundation,cofh.core.item.ItemArmorAdv
ThermalFoundation:armor.plateSilver,4418,false,ThermalFoundation,cofh.core.item.ItemArmorAdv
ThermalFoundation:armor.legsSilver,4419,false,ThermalFoundation,cofh.core.item.ItemArmorAdv
ThermalFoundation:armor.bootsSilver,4420,false,ThermalFoundation,cofh.core.item.ItemArmorAdv
ThermalFoundation:tool.swordSilver,4421,false,ThermalFoundation,cofh.core.item.tool.ItemSwordAdv
ThermalFoundation:tool.shovelSilver,4422,false,ThermalFoundation,cofh.core.item.tool.ItemShovelAdv
ThermalFoundation:tool.pickaxeSilver,4423,false,ThermalFoundation,cofh.core.item.tool.ItemPickaxeAdv
ThermalFoundation:tool.axeSilver,4424,false,ThermalFoundation,cofh.core.item.tool.ItemAxeAdv
ThermalFoundation:tool.hoeSilver,4425,false,ThermalFoundation,cofh.core.item.tool.ItemHoeAdv
ThermalFoundation:tool.shearsSilver,4426,false,ThermalFoundation,cofh.core.item.tool.ItemShearsAdv
ThermalFoundation:tool.fishingRodSilver,4427,false,ThermalFoundation,cofh.core.item.tool.ItemFishingRodAdv
ThermalFoundation:tool.sickleSilver,4428,false,ThermalFoundation,cofh.core.item.tool.ItemSickleAdv
ThermalFoundation:tool.bowSilver,4429,false,ThermalFoundation,cofh.core.item.tool.ItemBowAdv
ThermalFoundation:armor.helmetLead,4430,false,ThermalFoundation,cofh.core.item.ItemArmorAdv
ThermalFoundation:armor.plateLead,4431,false,ThermalFoundation,cofh.core.item.ItemArmorAdv
ThermalFoundation:armor.legsLead,4432,false,ThermalFoundation,cofh.core.item.ItemArmorAdv
ThermalFoundation:armor.bootsLead,4433,false,ThermalFoundation,cofh.core.item.ItemArmorAdv
ThermalFoundation:tool.swordLead,4434,false,ThermalFoundation,cofh.core.item.tool.ItemSwordAdv
ThermalFoundation:tool.shovelLead,4435,false,ThermalFoundation,cofh.core.item.tool.ItemShovelAdv
ThermalFoundation:tool.pickaxeLead,4436,false,ThermalFoundation,cofh.core.item.tool.ItemPickaxeAdv
ThermalFoundation:tool.axeLead,4437,false,ThermalFoundation,cofh.core.item.tool.ItemAxeAdv
ThermalFoundation:tool.hoeLead,4438,false,ThermalFoundation,cofh.core.item.tool.ItemHoeAdv
ThermalFoundation:tool.shearsLead,4439,false,ThermalFoundation,cofh.core.item.tool.ItemShearsAdv
ThermalFoundation:tool.fishingRodLead,4440,false,ThermalFoundation,cofh.core.item.tool.ItemFishingRodAdv
ThermalFoundation:tool.sickleLead,4441,false,ThermalFoundation,cofh.core.item.tool.ItemSickleAdv
ThermalFoundation:tool.bowLead,4442,false,ThermalFoundation,cofh.core.item.tool.ItemBowAdv
ThermalFoundation:armor.helmetNickel,4443,false,ThermalFoundation,cofh.core.item.ItemArmorAdv
ThermalFoundation:armor.plateNickel,4444,false,ThermalFoundation,cofh.core.item.ItemArmorAdv
ThermalFoundation:armor.legsNickel,4445,false,ThermalFoundation,cofh.core.item.ItemArmorAdv
ThermalFoundation:armor.bootsNickel,4446,false,ThermalFoundation,cofh.core.item.ItemArmorAdv
ThermalFoundation:tool.swordNickel,4447,false,ThermalFoundation,cofh.core.item.tool.ItemSwordAdv
ThermalFoundation:tool.shovelNickel,4448,false,ThermalFoundation,cofh.core.item.tool.ItemShovelAdv
ThermalFoundation:tool.pickaxeNickel,4449,false,ThermalFoundation,cofh.core.item.tool.ItemPickaxeAdv
ThermalFoundation:tool.axeNickel,4450,false,ThermalFoundation,cofh.core.item.tool.ItemAxeAdv
ThermalFoundation:tool.hoeNickel,4451,false,ThermalFoundation,cofh.core.item.tool.ItemHoeAdv
ThermalFoundation:tool.shearsNickel,4452,false,ThermalFoundation,cofh.core.item.tool.ItemShearsAdv
ThermalFoundation:tool.fishingRodNickel,4453,false,ThermalFoundation,cofh.core.item.tool.ItemFishingRodAdv
ThermalFoundation:tool.sickleNickel,4454,false,ThermalFoundation,cofh.core.item.tool.ItemSickleAdv
ThermalFoundation:tool.bowNickel,4455,false,ThermalFoundation,cofh.core.item.tool.ItemBowAdv
ThermalFoundation:armor.helmetElectrum,4456,false,ThermalFoundation,cofh.core.item.ItemArmorAdv
ThermalFoundation:armor.plateElectrum,4457,false,ThermalFoundation,cofh.core.item.ItemArmorAdv
ThermalFoundation:armor.legsElectrum,4458,false,ThermalFoundation,cofh.core.item.ItemArmorAdv
ThermalFoundation:armor.bootsElectrum,4459,false,ThermalFoundation,cofh.core.item.ItemArmorAdv
ThermalFoundation:tool.swordElectrum,4460,false,ThermalFoundation,cofh.core.item.tool.ItemSwordAdv
ThermalFoundation:tool.shovelElectrum,4461,false,ThermalFoundation,cofh.core.item.tool.ItemShovelAdv
ThermalFoundation:tool.pickaxeElectrum,4462,false,ThermalFoundation,cofh.core.item.tool.ItemPickaxeAdv
ThermalFoundation:tool.axeElectrum,4463,false,ThermalFoundation,cofh.core.item.tool.ItemAxeAdv
ThermalFoundation:tool.hoeElectrum,4464,false,ThermalFoundation,cofh.core.item.tool.ItemHoeAdv
ThermalFoundation:tool.shearsElectrum,4465,false,ThermalFoundation,cofh.core.item.tool.ItemShearsAdv
ThermalFoundation:tool.fishingRodElectrum,4466,false,ThermalFoundation,cofh.core.item.tool.ItemFishingRodAdv
ThermalFoundation:tool.sickleElectrum,4467,false,ThermalFoundation,cofh.core.item.tool.ItemSickleAdv
ThermalFoundation:tool.bowElectrum,4468,false,ThermalFoundation,cofh.core.item.tool.ItemBowAdv
ThermalFoundation:armor.helmetInvar,4469,false,ThermalFoundation,cofh.core.item.ItemArmorAdv
ThermalFoundation:armor.plateInvar,4470,false,ThermalFoundation,cofh.core.item.ItemArmorAdv
ThermalFoundation:armor.legsInvar,4471,false,ThermalFoundation,cofh.core.item.ItemArmorAdv
ThermalFoundation:armor.bootsInvar,4472,false,ThermalFoundation,cofh.core.item.ItemArmorAdv
ThermalFoundation:tool.swordInvar,4473,false,ThermalFoundation,cofh.core.item.tool.ItemSwordAdv
ThermalFoundation:tool.shovelInvar,4474,false,ThermalFoundation,cofh.core.item.tool.ItemShovelAdv
ThermalFoundation:tool.pickaxeInvar,4475,false,ThermalFoundation,cofh.core.item.tool.ItemPickaxeAdv
ThermalFoundation:tool.axeInvar,4476,false,ThermalFoundation,cofh.core.item.tool.ItemAxeAdv
ThermalFoundation:tool.hoeInvar,4477,false,ThermalFoundation,cofh.core.item.tool.ItemHoeAdv
ThermalFoundation:tool.shearsInvar,4478,false,ThermalFoundation,cofh.core.item.tool.ItemShearsAdv
ThermalFoundation:tool.fishingRodInvar,4479,false,ThermalFoundation,cofh.core.item.tool.ItemFishingRodAdv
ThermalFoundation:tool.sickleInvar,4480,false,ThermalFoundation,cofh.core.item.tool.ItemSickleAdv
ThermalFoundation:tool.bowInvar,4481,false,ThermalFoundation,cofh.core.item.tool.ItemBowAdv
ThermalFoundation:armor.helmetBronze,4482,false,ThermalFoundation,cofh.core.item.ItemArmorAdv
ThermalFoundation:armor.plateBronze,4483,false,ThermalFoundation,cofh.core.item.ItemArmorAdv
ThermalFoundation:armor.legsBronze,4484,false,ThermalFoundation,cofh.core.item.ItemArmorAdv
ThermalFoundation:armor.bootsBronze,4485,false,ThermalFoundation,cofh.core.item.ItemArmorAdv
ThermalFoundation:tool.swordBronze,4486,false,ThermalFoundation,cofh.core.item.tool.ItemSwordAdv
ThermalFoundation:tool.shovelBronze,4487,false,ThermalFoundation,cofh.core.item.tool.ItemShovelAdv
ThermalFoundation:tool.pickaxeBronze,4488,false,ThermalFoundation,cofh.core.item.tool.ItemPickaxeAdv
ThermalFoundation:tool.axeBronze,4489,false,ThermalFoundation,cofh.core.item.tool.ItemAxeAdv
ThermalFoundation:tool.hoeBronze,4490,false,ThermalFoundation,cofh.core.item.tool.ItemHoeAdv
ThermalFoundation:tool.shearsBronze,4491,false,ThermalFoundation,cofh.core.item.tool.ItemShearsAdv
ThermalFoundation:tool.fishingRodBronze,4492,false,ThermalFoundation,cofh.core.item.tool.ItemFishingRodAdv
ThermalFoundation:tool.sickleBronze,4493,false,ThermalFoundation,cofh.core.item.tool.ItemSickleAdv
ThermalFoundation:tool.bowBronze,4494,false,ThermalFoundation,cofh.core.item.tool.ItemBowAdv
ThermalFoundation:armor.helmetPlatinum,4495,false,ThermalFoundation,cofh.core.item.ItemArmorAdv
ThermalFoundation:armor.platePlatinum,4496,false,ThermalFoundation,cofh.core.item.ItemArmorAdv
ThermalFoundation:armor.legsPlatinum,4497,false,ThermalFoundation,cofh.core.item.ItemArmorAdv
ThermalFoundation:armor.bootsPlatinum,4498,false,ThermalFoundation,cofh.core.item.ItemArmorAdv
ThermalFoundation:tool.swordPlatinum,4499,false,ThermalFoundation,cofh.core.item.tool.ItemSwordAdv
ThermalFoundation:tool.shovelPlatinum,4500,false,ThermalFoundation,cofh.core.item.tool.ItemShovelAdv
ThermalFoundation:tool.pickaxePlatinum,4501,false,ThermalFoundation,cofh.core.item.tool.ItemPickaxeAdv
ThermalFoundation:tool.axePlatinum,4502,false,ThermalFoundation,cofh.core.item.tool.ItemAxeAdv
ThermalFoundation:tool.hoePlatinum,4503,false,ThermalFoundation,cofh.core.item.tool.ItemHoeAdv
ThermalFoundation:tool.shearsPlatinum,4504,false,ThermalFoundation,cofh.core.item.tool.ItemShearsAdv
ThermalFoundation:tool.fishingRodPlatinum,4505,false,ThermalFoundation,cofh.core.item.tool.ItemFishingRodAdv
ThermalFoundation:tool.sicklePlatinum,4506,false,ThermalFoundation,cofh.core.item.tool.ItemSickleAdv
ThermalFoundation:tool.bowPlatinum,4507,false,ThermalFoundation,cofh.core.item.tool.ItemBowAdv
ThermalDynamics:servo,4508,false,ThermalDynamics,cofh.thermaldynamics.item.ItemServo
ThermalDynamics:filter,4509,false,ThermalDynamics,cofh.thermaldynamics.item.ItemFilter
ThermalDynamics:cover,4510,false,ThermalDynamics,cofh.thermaldynamics.item.ItemCover
ThermalDynamics:retriever,4511,false,ThermalDynamics,cofh.thermaldynamics.item.ItemRetriever
ThermalDynamics:relay,4512,false,ThermalDynamics,cofh.thermaldynamics.item.ItemRelay
ThermalExpansion:wrench,4513,false,ThermalExpansion,cofh.thermalexpansion.item.tool.ItemWrench
ThermalExpansion:tool.battleWrenchInvar,4514,false,ThermalExpansion,cofh.thermalexpansion.item.tool.ItemWrenchBattle
ThermalExpansion:meter,4515,false,ThermalExpansion,cofh.thermalexpansion.item.tool.ItemMultimeter
ThermalExpansion:igniter,4516,false,ThermalExpansion,cofh.thermalexpansion.item.tool.ItemIgniter
ThermalExpansion:chiller,4517,false,ThermalExpansion,cofh.thermalexpansion.item.tool.ItemChiller
ThermalExpansion:pump,4518,false,ThermalExpansion,cofh.thermalexpansion.item.tool.ItemPump
ThermalExpansion:transfuser,4519,false,ThermalExpansion,cofh.thermalexpansion.item.tool.ItemTransfuser
ThermalExpansion:capacitor,4520,false,ThermalExpansion,cofh.thermalexpansion.item.ItemCapacitor
ThermalExpansion:satchel,4521,false,ThermalExpansion,cofh.thermalexpansion.item.ItemSatchel
ThermalExpansion:diagram,4522,false,ThermalExpansion,cofh.thermalexpansion.item.ItemDiagram
ThermalExpansion:material,4523,false,ThermalExpansion,cofh.core.item.ItemBase
ThermalExpansion:augment,4524,false,ThermalExpansion,cofh.thermalexpansion.item.ItemAugment
ThermalExpansion:florb,4525,false,ThermalExpansion,cofh.thermalexpansion.item.ItemFlorb
ExtraUtilities:nodeUpgrade,4526,false,ExtraUtilities,com.rwtema.extrautils.item.ItemNodeUpgrade
ExtraUtilities:paintbrush,4527,false,ExtraUtilities,com.rwtema.extrautils.item.ItemPaintbrush
ExtraUtilities:scanner,4528,false,ExtraUtilities,com.rwtema.extrautils.item.scanner.ItemScanner
ExtraUtilities:ethericsword,4529,false,ExtraUtilities,com.rwtema.extrautils.item.ItemEthericSword
ExtraUtilities:creativebuilderswand,4530,false,ExtraUtilities,com.rwtema.extrautils.item.ItemBuildersWand
ExtraUtilities:glove,4531,false,ExtraUtilities,com.rwtema.extrautils.item.ItemGlove
ExtraUtilities:watering_can,4532,false,ExtraUtilities,com.rwtema.extrautils.item.ItemWateringCan
ExtraUtilities:defoliageAxe,4533,false,ExtraUtilities,com.rwtema.extrautils.item.ItemHealingAxe
ExtraUtilities:bedrockiumIngot,4534,false,ExtraUtilities,com.rwtema.extrautils.item.ItemBedrockiumIngot
ExtraUtilities:golden_lasso,4535,false,ExtraUtilities,com.rwtema.extrautils.item.ItemGoldenLasso
ExtraUtilities:erosionShovel,4536,false,ExtraUtilities,com.rwtema.extrautils.item.ItemErosionShovel
ExtraUtilities:lawSword,4537,false,ExtraUtilities,com.rwtema.extrautils.item.ItemLawSword
ExtraUtilities:mini-soul,4538,false,ExtraUtilities,com.rwtema.extrautils.item.ItemSoul
ExtraUtilities:sonar_goggles,4539,false,ExtraUtilities,com.rwtema.extrautils.item.ItemSonarGoggles
ExtraUtilities:golden_bag,4540,false,ExtraUtilities,com.rwtema.extrautils.item.ItemGoldenBag
ExtraUtilities:builderswand,4541,false,ExtraUtilities,com.rwtema.extrautils.item.ItemBuildersWand
ExtraUtilities:angelRing,4542,false,ExtraUtilities,com.rwtema.extrautils.item.ItemAngelRing
ExtraUtilities:unstableingot,4543,false,ExtraUtilities,com.rwtema.extrautils.item.ItemUnstableIngot
ExtraUtilities:destructionpickaxe,4544,false,ExtraUtilities,com.rwtema.extrautils.item.ItemDestructionPickaxe
ExtraUtilities:shears,4545,false,ExtraUtilities,com.rwtema.extrautils.item.ItemPrecisionShears
ExtraUtilities:divisionSigil,4546,false,ExtraUtilities,com.rwtema.extrautils.item.ItemDivisionSigil
ExtraUtilities:temporalHoe,4547,false,ExtraUtilities,com.rwtema.extrautils.item.ItemTemporalHoe
ExtraUtilities:heatingElement,4548,false,ExtraUtilities,com.rwtema.extrautils.item.ItemHeatingCoil
Aroma1997Core:wrenched,4549,false,Aroma1997Core,aroma1997.core.items.wrench.ItemWrenched
Aroma1997Core:wrench,4550,false,Aroma1997Core,aroma1997.core.items.wrench.ItemWrench
ImmersiveEngineering:material,4551,false,ImmersiveEngineering,blusunrize.immersiveengineering.common.items.ItemIEBase
ImmersiveEngineering:toolupgrade,4552,false,ImmersiveEngineering,blusunrize.immersiveengineering.common.items.ItemToolUpgrade
BuildCraft|Transport:item.buildcraftPipe.pipefluidsquartz,4553,false,BuildCraft|Transport,buildcraft.transport.ItemPipe
BuildCraft|Transport:item.buildcraftPipe.pipeitemsemerald,4554,false,BuildCraft|Transport,buildcraft.transport.ItemPipe
BuildCraft|Robotics:redstone_board,4555,false,BuildCraft|Robotics,buildcraft.robotics.ItemRedstoneBoard
BuildCraft|Transport:pipeWaterproof,4556,false,BuildCraft|Transport,buildcraft.core.lib.items.ItemBuildCraft
ImmersiveEngineering:tool,4557,false,ImmersiveEngineering,blusunrize.immersiveengineering.common.items.ItemIETool
ImmersiveEngineering:coil,4558,false,ImmersiveEngineering,blusunrize.immersiveengineering.common.items.ItemWireCoil
ImmersiveEngineering:fluidContainers,4559,false,ImmersiveEngineering,null
BuildCraft|Transport:item.buildcraftPipe.pipefluidsiron,4560,false,BuildCraft|Transport,buildcraft.transport.ItemPipe
BuildCraft|Transport:item.buildcraftPipe.pipeitemsobsidian,4561,false,BuildCraft|Transport,buildcraft.transport.ItemPipe
BuildCraft|Transport:pipePlug,4562,false,BuildCraft|Transport,buildcraft.transport.pluggable.ItemPlug
BuildCraft|Transport:item.buildcraftPipe.pipeitemsdiamond,4563,false,BuildCraft|Transport,buildcraft.transport.ItemPipe
BuildCraft|Transport:pipeWire,4564,false,BuildCraft|Transport,buildcraft.transport.ItemPipeWire
BuildCraft|Builders:templateItem,4565,false,BuildCraft|Builders,buildcraft.builders.ItemBlueprintTemplate
BuildCraft|Transport:item.buildcraftPipe.pipeitemsclay,4566,false,BuildCraft|Transport,buildcraft.transport.ItemPipe
BuildCraft|Transport:item.buildcraftPipe.pipeitemsgold,4567,false,BuildCraft|Transport,buildcraft.transport.ItemPipe
BuildCraft|Transport:pipeFacade,4568,false,BuildCraft|Transport,buildcraft.transport.ItemFacade
BuildCraft|Transport:item.buildcraftPipe.pipepowerwood,4569,false,BuildCraft|Transport,buildcraft.transport.ItemPipe
BuildCraft|Transport:gateCopier,4570,false,BuildCraft|Transport,buildcraft.transport.ItemGateCopier
BuildCraft|Core:ironGearItem,4571,false,BuildCraft|Core,buildcraft.core.ItemGear
BuildCraft|Core:mapLocation,4572,false,BuildCraft|Core,buildcraft.core.ItemMapLocation
BuildCraft|Silicon:package,4573,false,BuildCraft|Silicon,buildcraft.silicon.ItemPackage
BuildCraft|Builders:blueprintItem,4574,false,BuildCraft|Builders,buildcraft.builders.ItemBlueprintStandard
BuildCraft|Transport:item.buildcraftPipe.pipepowerdiamond,4575,false,BuildCraft|Transport,buildcraft.transport.ItemPipe
BuildCraft|Transport:item.buildcraftPipe.pipeitemscobblestone,4576,false,BuildCraft|Transport,buildcraft.transport.ItemPipe
BuildCraft|Transport:item.buildcraftPipe.pipeitemsstripes,4577,false,BuildCraft|Transport,buildcraft.transport.ItemPipe
BuildCraft|Transport:item.buildcraftPipe.pipefluidsdiamond,4578,false,BuildCraft|Transport,buildcraft.transport.ItemPipe
ImmersiveEngineering:revolver,4579,false,ImmersiveEngineering,blusunrize.immersiveengineering.common.items.ItemRevolver
ImmersiveEngineering:drill,4580,false,ImmersiveEngineering,blusunrize.immersiveengineering.common.items.ItemDrill
BuildCraft|Transport:item.buildcraftPipe.pipeitemsvoid,4581,false,BuildCraft|Transport,buildcraft.transport.ItemPipe
ImmersiveEngineering:fakeIcon,4582,false,ImmersiveEngineering,null
BuildCraft|Silicon:redstoneChipset,4583,false,BuildCraft|Silicon,buildcraft.silicon.ItemRedstoneChipset
ImmersiveEngineering:seed,4584,false,ImmersiveEngineering,blusunrize.immersiveengineering.common.items.ItemIESeed
BuildCraft|Core:goldGearItem,4585,false,BuildCraft|Core,buildcraft.core.ItemGear
BuildCraft|Transport:item.buildcraftPipe.pipeitemsemzuli,4586,false,BuildCraft|Transport,buildcraft.transport.ItemPipe
BuildCraft|Robotics:robot,4587,false,BuildCraft|Robotics,buildcraft.robotics.ItemRobot
BuildCraft|Transport:item.buildcraftPipe.pipeitemsdaizuli,4588,false,BuildCraft|Transport,buildcraft.transport.ItemPipe
BuildCraft|Transport:item.buildcraftPipe.pipepowercobblestone,4589,false,BuildCraft|Transport,buildcraft.transport.ItemPipe
BuildCraft|Transport:item.buildcraftPipe.pipepoweremerald,4590,false,BuildCraft|Transport,buildcraft.transport.ItemPipe
BuildCraft|Silicon:redstoneCrystal,4591,false,BuildCraft|Silicon,buildcraft.core.lib.items.ItemBuildCraft
BuildCraft|Transport:item.buildcraftPipe.pipepowerstone,4592,false,BuildCraft|Transport,buildcraft.transport.ItemPipe
BuildCraft|Transport:item.buildcraftPipe.pipepoweriron,4593,false,BuildCraft|Transport,buildcraft.transport.ItemPipe
ImmersiveEngineering:jerrycan,4594,false,ImmersiveEngineering,blusunrize.immersiveengineering.common.items.ItemJerrycan
BuildCraft|Transport:item.buildcraftPipe.pipeitemsquartz,4595,false,BuildCraft|Transport,buildcraft.transport.ItemPipe
BuildCraft|Core:diamondGearItem,4596,false,BuildCraft|Core,buildcraft.core.ItemGear
BuildCraft|Transport:item.buildcraftPipe.pipepowerquartz,4597,false,BuildCraft|Transport,buildcraft.transport.ItemPipe
BuildCraft|Transport:item.buildcraftPipe.pipeitemswood,4598,false,BuildCraft|Transport,buildcraft.transport.ItemPipe
BuildCraft|Core:woodenGearItem,4599,false,BuildCraft|Core,buildcraft.core.ItemGear
ImmersiveEngineering:metal,4600,false,ImmersiveEngineering,blusunrize.immersiveengineering.common.items.ItemIEBase
BuildCraft|Core:paintbrush,4601,false,BuildCraft|Core,buildcraft.core.ItemPaintbrush
BuildCraft|Transport:item.buildcraftPipe.pipeitemsiron,4602,false,BuildCraft|Transport,buildcraft.transport.ItemPipe
BuildCraft|Core:debugger,4603,false,BuildCraft|Core,buildcraft.core.ItemDebugger
ImmersiveEngineering:drillhead,4604,false,ImmersiveEngineering,blusunrize.immersiveengineering.common.items.ItemDrillhead
BuildCraft|Transport:pipeLens,4605,false,BuildCraft|Transport,buildcraft.transport.pluggable.ItemLens
BuildCraft|Transport:item.buildcraftPipe.pipefluidssandstone,4606,false,BuildCraft|Transport,buildcraft.transport.ItemPipe
BuildCraft|Transport:item.buildcraftPipe.pipefluidsgold,4607,false,BuildCraft|Transport,buildcraft.transport.ItemPipe
BuildCraft|Core:wrenchItem,4608,false,BuildCraft|Core,buildcraft.core.ItemWrench
BuildCraft|Transport:item.buildcraftPipe.pipeitemsstone,4609,false,BuildCraft|Transport,buildcraft.transport.ItemPipe
BuildCraft|Transport:item.buildcraftPipe.pipefluidsvoid,4610,false,BuildCraft|Transport,buildcraft.transport.ItemPipe
ImmersiveEngineering:skyhook,4611,false,ImmersiveEngineering,blusunrize.immersiveengineering.common.items.ItemSkyhook
ImmersiveEngineering:shader,4612,false,ImmersiveEngineering,blusunrize.immersiveengineering.common.items.ItemShader
BuildCraft|Transport:item.buildcraftPipe.pipefluidsstone,4613,false,BuildCraft|Transport,buildcraft.transport.ItemPipe
BuildCraft|Transport:item.buildcraftPipe.pipefluidsemerald,4614,false,BuildCraft|Transport,buildcraft.transport.ItemPipe
ImmersiveEngineering:blueprint,4615,false,ImmersiveEngineering,blusunrize.immersiveengineering.common.items.ItemEngineersBlueprint
ImmersiveEngineering:bullet,4616,false,ImmersiveEngineering,blusunrize.immersiveengineering.common.items.ItemBullet
BuildCraft|Core:stoneGearItem,4617,false,BuildCraft|Core,buildcraft.core.ItemGear
BuildCraft|Core:list,4618,false,BuildCraft|Core,buildcraft.core.ItemList
BuildCraft|Transport:item.buildcraftPipe.pipestructurecobblestone,4619,false,BuildCraft|Transport,buildcraft.transport.ItemPipe
BuildCraft|Transport:item.buildcraftPipe.pipefluidscobblestone,4620,false,BuildCraft|Transport,buildcraft.transport.ItemPipe
BuildCraft|Transport:pipeGate,4621,false,BuildCraft|Transport,buildcraft.transport.gates.ItemGate
BuildCraft|Transport:item.buildcraftPipe.pipefluidswood,4622,false,BuildCraft|Transport,buildcraft.transport.ItemPipe
BuildCraft|Transport:item.buildcraftPipe.pipeitemssandstone,4623,false,BuildCraft|Transport,buildcraft.transport.ItemPipe
BuildCraft|Transport:item.buildcraftPipe.pipeitemslapis,4624,false,BuildCraft|Transport,buildcraft.transport.ItemPipe
BuildCraft|Robotics:robotStation,4625,false,BuildCraft|Robotics,buildcraft.robotics.ItemRobotStation
BuildCraft|Transport:item.buildcraftPipe.pipepowergold,4626,false,BuildCraft|Transport,buildcraft.transport.ItemPipe
ImmersiveEngineering:graphiteElectrode,4627,false,ImmersiveEngineering,blusunrize.immersiveengineering.common.items.ItemGraphiteElectrode
BuildCraft|Transport:item.buildcraftPipe.pipepowersandstone,4628,false,BuildCraft|Transport,buildcraft.transport.ItemPipe
BuildCraft|Transport:pipePowerAdapter,4629,false,BuildCraft|Transport,buildcraft.transport.pluggable.ItemPowerAdapter
BuildCraft|Transport:item.buildcraftPipe.pipefluidsclay,4630,false,BuildCraft|Transport,buildcraft.transport.ItemPipe
BuildCraft|Energy:bucketFuel,4631,false,BuildCraft|Energy,buildcraft.energy.ItemBucketBuildcraft
BuildCraft|Energy:bucketOil,4632,false,BuildCraft|Energy,buildcraft.energy.ItemBucketBuildcraft
